date,state,death,deathConfirmed,deathIncrease,deathProbable,hospitalized,hospitalizedCumulative,hospitalizedCurrently,hospitalizedIncrease,positiveTestsViral,recovered,totalTestEncountersViral,totalTestEncountersViralIncrease,totalTestResults,totalTestResultsIncrease,totalTestsAntibody,totalTestsAntigen,totalTestsPeopleAntibody,totalTestsPeopleAntigen,totalTestsPeopleViral,totalTestsPeopleViralIncrease,totalTestsViral,totalTestsViralIncrease
3/7/2021,MA,16417,16085,43,332,19713,19713,665,0,668145,508745,,0,16825551,96578,,,156185,580372,4963875,9309,16825551,96578
3/6/2021,MA,16374,16044,52,330,19713,19713,687,0,666605,508745,,0,16728973,100359,,,156185,578153,4954566,9321,16728973,100359
3/5/2021,MA,16322,15992,26,330,19713,19713,716,0,664893,508745,,0,16628614,106263,,,156185,574434,4945245,10584,16628614,106263
3/4/2021,MA,16296,15967,44,329,19713,19713,741,0,662972,508745,,0,16522351,102362,,,156185,571445,4934661,9964,16522351,102362
3/3/2021,MA,16252,15925,70,327,19713,19713,755,269,661370,494740,,0,16419989,102052,,,154697,568678,4924697,10064,16419989,102052
3/2/2021,MA,16182,15859,38,323,19444,19444,775,0,659584,494740,,0,16317937,56007,,,154697,564788,4914633,7726,16317937,56007
3/1/2021,MA,16144,15822,26,322,19444,19444,788,0,659307,494740,,0,16261930,53839,,,154697,561797,4906907,8066,16261930,53839
2/28/2021,MA,16118,15796,51,322,19444,19444,760,0,657840,494740,,0,16208091,102571,,,154697,559897,4898841,9887,16208091,102571
2/27/2021,MA,16067,15744,43,323,19444,19444,785,0,656217,494740,,0,16105520,108261,,,154697,557826,4888954,9955,16105520,108261
2/26/2021,MA,16024,15703,46,321,19444,19444,807,0,654425,494740,,0,15997259,102584,,,154697,554801,4878999,11203,15997259,102584
2/25/2021,MA,15978,15657,33,321,19444,19444,853,0,652400,494740,,0,15894675,118144,,,154697,551474,4867796,12941,15894675,118144
2/24/2021,MA,15945,15624,62,321,19444,19444,875,268,650220,477796,,0,15776531,114127,,,153152,548242,4854855,12989,15776531,114127
2/23/2021,MA,15883,15564,30,319,19176,19176,879,0,648142,477796,,0,15662404,62531,,,153152,543942,4841866,9042,15662404,62531
2/22/2021,MA,15853,15534,27,319,19176,19176,888,0,646850,477796,,0,15599873,49929,,,153152,541220,4832824,8236,15599873,49929
2/21/2021,MA,15826,15508,47,318,19176,19176,927,0,645482,477796,,0,15549944,87420,,,153152,539089,4824588,10032,15549944,87420
2/20/2021,MA,15779,15462,53,317,19176,19176,970,0,643953,477796,,0,15462524,115002,,,153152,535624,4814556,10972,15462524,115002
2/19/2021,MA,15726,15409,40,317,19176,19176,990,0,641849,477796,,0,15347522,106656,,,153152,533272,4803584,10479,15347522,106656
2/18/2021,MA,15686,15373,63,313,19176,19176,1029,0,639875,477796,,0,15240866,100002,,,153152,530569,4793105,10449,15240866,100002
2/17/2021,MA,15623,15312,56,311,19176,19176,1088,317,637799,453740,,0,15140864,82971,,,151476,527202,4782656,7988,15140864,82971
2/16/2021,MA,15567,15257,50,310,18859,18859,1096,0,636172,453740,,0,15057893,46488,,,151476,524006,4774668,6037,15057893,46488
2/15/2021,MA,15517,15208,33,309,18859,18859,1107,0,634991,453740,,0,15011405,62852,,,151476,520326,4768631,10068,15011405,62852
2/14/2021,MA,15484,15176,60,308,18859,18859,1125,0,633210,453740,,0,14948553,110894,,,151476,518763,4758563,12070,14948553,110894
2/13/2021,MA,15424,15116,66,308,18859,18859,1149,0,631088,453740,,0,14837659,99915,,,151476,516146,4746493,12034,14837659,99915
2/12/2021,MA,15358,15051,89,307,18859,18859,1223,0,628806,453740,,0,14737744,106107,,,151476,512923,4734459,13060,14737744,106107
2/11/2021,MA,15269,14964,62,305,18859,18859,1313,0,626284,453740,,0,14631637,110792,,,151476,509874,4721399,12847,14631637,110792
2/10/2021,MA,15207,14903,83,304,18859,18859,1358,457,623666,425717,,0,14520845,100271,,,149467,506940,4708552,11257,14520845,100271
2/9/2021,MA,15124,14821,70,303,18402,18402,1401,0,621401,425717,,0,14420574,52112,,,149467,503752,4697295,7235,14420574,52112
2/8/2021,MA,15054,14753,55,301,18402,18402,1387,0,619858,425717,,0,14368462,42946,,,149467,500166,4690060,7053,14368462,42946
2/7/2021,MA,14999,14698,78,301,18402,18402,1389,0,618310,425717,,0,14325516,113095,,,149467,497964,4683007,15368,14325516,113095
2/6/2021,MA,14921,14622,62,299,18402,18402,1451,0,614847,425717,,0,14212421,129509,,,149467,496324,4667639,15228,14212421,129509
2/5/2021,MA,14859,14563,75,296,18402,18402,1503,0,610865,425717,,0,14082912,127468,,,149467,491939,4652411,15590,14082912,127468
2/4/2021,MA,14784,14489,76,295,18402,18402,1554,0,607390,425717,,0,13955444,81286,,,149467,487573,4636821,11355,13955444,81286
2/3/2021,MA,14708,14415,56,293,18402,18402,1635,394,604434,389717,,0,13874158,91693,,,147875,484563,4625466,11415,13874158,91693
2/2/2021,MA,14652,14362,45,290,18008,18008,1631,0,601762,389717,,0,13782465,61265,,,147875,480992,4614051,10227,13782465,61265
2/1/2021,MA,14607,14317,30,290,18008,18008,1676,0,599434,389717,,0,13721200,88302,,,147875,476976,4603824,13491,13721200,88302
1/31/2021,MA,14577,14287,46,290,18008,18008,1676,0,596510,389717,,0,13632898,93918,,,147875,475368,4590333,14434,13632898,93918
1/30/2021,MA,14531,14241,87,290,18008,18008,1739,0,593486,389717,,0,13538980,143342,,,147875,473061,4575899,20402,13538980,143342
1/29/2021,MA,14444,14154,96,290,18008,18008,1789,0,588725,389717,,0,13395638,86197,,,147875,470635,4555497,14486,13395638,86197
1/28/2021,MA,14348,14056,44,292,18008,18008,1878,0,585540,389717,,0,13309441,116963,,,147875,466795,4541011,19620,13309441,116963
1/27/2021,MA,14304,14013,84,291,18008,18008,1930,452,580673,354388,,0,13192478,96203,,,145958,461885,4521391,15399,13192478,96203
1/26/2021,MA,14220,13930,42,290,17556,17556,1951,0,576989,354388,,0,13096275,49701,,,145958,458143,4505992,11542,13096275,49701
1/25/2021,MA,14178,13889,45,289,17556,17556,1955,0,574385,354388,,0,13046574,78650,,,145958,455076,4494450,16365,13046574,78650
1/24/2021,MA,14133,13844,69,289,17556,17556,1946,0,570238,354388,,0,12967924,101327,,,145958,453187,4478085,17801,12967924,101327
1/23/2021,MA,14064,13777,77,287,17556,17556,2055,0,565771,354388,,0,12866597,112391,,,145958,450046,4460284,19366,12866597,112391
1/22/2021,MA,13987,13702,81,285,17556,17556,2098,0,560724,354388,,0,12754206,105768,,,145958,445881,4440918,21781,12754206,105768
1/21/2021,MA,13906,13622,77,284,17556,17556,2152,0,555016,324203,,0,12648438,111726,,,143396,442175,4419137,20885,12648438,111726
1/20/2021,MA,13829,13547,80,282,17556,17556,2209,447,549371,324203,,0,12536712,82567,,,143396,437602,4398252,16913,12536712,82567
1/19/2021,MA,13749,13469,44,280,17109,17109,2213,0,544670,324203,,0,12454145,55565,,,143396,432942,4381339,13475,12454145,55565
1/18/2021,MA,13705,13424,53,281,17109,17109,2206,0,541576,324203,,0,12398580,49917,,,143396,428059,4367864,14028,12398580,49917
1/17/2021,MA,13652,13372,69,280,17109,17109,2165,0,537842,324203,,0,12348663,89177,,,143396,427115,4353836,19760,12348663,89177
1/16/2021,MA,13583,13305,74,278,17109,17109,2197,0,532622,324203,,0,12259486,112120,,,143396,425322,4334076,25054,12259486,112120
1/15/2021,MA,13509,13231,76,278,17109,17109,2201,0,526114,324203,,0,12147366,100968,,,143396,421870,4309022,21610,12147366,100968
1/14/2021,MA,13433,13156,74,277,17109,17109,2226,0,520263,324203,,0,12046398,101413,,,143396,415649,4287412,22043,12046398,101413
1/13/2021,MA,13359,13082,86,277,17109,17109,2200,506,513918,293522,,0,11944985,100276,,,141687,411710,4265369,20795,11944985,100276
1/12/2021,MA,13273,12996,67,277,16603,16603,2219,0,507881,293522,,0,11844709,69982,,,141687,406242,4244574,18967,11844709,69982
1/11/2021,MA,13206,12929,55,277,16603,16603,2211,0,502356,293522,,0,11774727,57414,,,141687,401034,4225607,16901,11774727,57414
1/10/2021,MA,13151,12875,77,276,16603,16603,2225,0,497572,293522,,0,11717313,81754,,,141687,399660,4208706,20253,11717313,81754
1/9/2021,MA,13074,12798,89,276,16603,16603,2291,0,491419,293522,,0,11635559,109793,,,141687,396117,4188453,25290,11635559,109793
1/8/2021,MA,12985,12708,76,277,16603,16603,2311,0,483506,293522,,0,11525766,108569,,,141687,392437,4163163,26509,11525766,108569
1/7/2021,MA,12909,12634,73,275,16603,16603,2386,505,474982,293522,,0,11417197,108412,,,141687,387433,4136654,25224,11417197,108412
1/6/2021,MA,12836,12563,102,273,16098,16098,2416,0,467138,261672,,0,11308785,102573,,,140254,383427,4111430,21458,11308785,102573
1/5/2021,MA,12734,12464,63,270,16098,16098,2428,0,459850,261672,,0,11206212,59718,,,140254,379103,4089972,15768,11206212,59718
1/4/2021,MA,12671,12401,61,270,16098,16098,2339,0,455201,261672,,0,11146494,55570,,,140254,374565,4074204,15196,11146494,55570
1/3/2021,MA,12610,12341,108,269,16098,16098,2291,0,450251,261672,,0,11090924,44831,,,140254,370296,4059008,11652,11090924,44831
1/2/2021,MA,12502,12236,79,266,16098,16098,2280,0,446675,261672,,0,11046093,101394,,,140254,366370,4047356,29746,11046093,101394
1/1/2021,MA,12423,12157,0,266,16098,16098,2271,0,437155,261672,,0,10944699,0,,,140254,360840,4017610,0,10944699,0
12/31/2020,MA,12423,12157,85,266,16098,16098,2271,193,437155,261672,,0,10944699,95827,,,140254,360840,4017610,24284,10944699,95827
12/30/2020,MA,12338,12076,120,262,15905,15905,2257,0,429346,229910,,0,10848872,86050,,,139022,356615,3993326,21250,10848872,86050
12/29/2020,MA,12218,11958,60,260,15905,15905,2259,0,422263,229910,,0,10762822,49229,,,139022,349077,3972076,14652,10762822,49229
12/28/2020,MA,12158,11900,48,258,15905,15905,2230,0,418051,229910,,0,10713593,49772,,,139022,344885,3957424,14992,10713593,49772
12/27/2020,MA,12110,11852,100,258,15905,15905,2156,0,413307,229910,,0,10663821,41331,,,139022,343468,3942432,11619,10663821,41331
12/26/2020,MA,12010,11752,47,258,15905,15905,2077,0,409908,229910,,0,10622490,108445,,,139022,340254,3930813,30242,10622490,108445
12/25/2020,MA,11963,11706,0,257,15905,15905,2095,0,401647,229910,,0,10514045,0,,,139022,335800,3900571,0,10514045,0
12/24/2020,MA,11963,11706,76,257,15905,15905,2095,533,401647,229910,,0,10514045,114476,,,139022,335800,3900571,29084,10514045,114476
12/23/2020,MA,11887,11630,83,257,15372,15372,2066,0,395232,206843,,0,10399569,97655,,,137188,331189,3871487,23060,10399569,97655
12/22/2020,MA,11804,11549,45,255,15372,15372,2004,0,389326,206843,,0,10301914,62078,,,137188,327368,3848427,18042,10301914,62078
12/21/2020,MA,11759,11506,42,253,15372,15372,1991,0,385357,206843,,0,10239836,61067,,,137188,322335,3830385,19049,10239836,61067
12/20/2020,MA,11717,11465,60,252,15372,15372,1919,0,380769,206843,,0,10178769,90789,,,137188,321267,3811336,20917,10178769,90789
12/19/2020,MA,11657,11405,47,252,15372,15372,1927,0,375857,206843,,0,10087980,80214,,,137188,319467,3790419,17302,10087980,80214
12/18/2020,MA,11610,11358,52,252,15372,15372,1874,0,371377,206843,,0,10007766,106034,,,137188,315192,3773117,31928,10007766,106034
12/17/2020,MA,11558,11305,45,253,15372,15372,1871,549,364785,206843,,0,9901732,92627,,,137188,312716,3741189,24106,9901732,92627
12/16/2020,MA,11513,11261,70,252,14823,14823,1851,0,358906,187221,,0,9809105,124172,,,135208,309136,3717083,28224,9809105,124172
12/15/2020,MA,11443,11190,55,253,14823,14823,1834,0,352414,187221,,0,9684933,61236,,,135208,303783,3688859,19335,9684933,61236
12/14/2020,MA,11388,11135,39,253,14823,14823,1788,0,348122,187221,,0,9623697,56122,,,135208,300791,3669524,17176,9623697,56122
12/13/2020,MA,11349,11098,42,251,14823,14823,1707,0,343992,187221,,0,9567575,90256,,,135208,299450,3652348,22428,9567575,90256
12/12/2020,MA,11307,11057,50,250,14823,14823,1670,0,338478,187221,,0,9477319,99719,,,135208,296649,3629920,23659,9477319,99719
12/11/2020,MA,11257,11010,48,247,14823,14823,1605,0,332659,187221,,0,9377600,99181,,,135208,293014,3606261,26420,9377600,99181
12/10/2020,MA,11209,10963,43,246,14823,14823,1607,426,326430,187221,,0,9278419,97353,,,135208,290670,3579841,23484,9278419,97353
12/9/2020,MA,11166,10922,90,244,14397,14397,1576,0,320562,169809,,0,9181066,109009,,,133429,287469,3556357,25991,9181066,109009
12/8/2020,MA,11076,10833,41,243,14397,14397,1552,0,313988,169809,,0,9072057,58501,,,133429,284946,3530366,18573,9072057,58501
12/7/2020,MA,11035,10793,31,242,14397,14397,1516,0,309976,169809,,0,9013556,43304,,,133429,280896,3511793,13506,9013556,43304
12/6/2020,MA,11004,10763,51,241,14397,14397,1416,0,307148,169809,,0,8970252,89439,,,133429,280427,3498287,24568,8970252,89439
12/5/2020,MA,10953,10715,43,238,14397,14397,1428,0,301751,169809,,0,8880813,106116,,,133429,279060,3473719,28306,8880813,106116
12/4/2020,MA,10910,10674,36,236,14397,14397,1394,0,295839,169809,,0,8774697,96701,,,133429,275819,3445413,26210,8774697,96701
12/3/2020,MA,10874,10637,50,237,14397,14397,1324,258,289972,169809,,0,8677996,111734,,,133429,272797,3419203,32225,8677996,111734
12/2/2020,MA,10824,10588,46,236,14139,14139,1259,0,282607,155473,,0,8566262,105845,,,132492,270281,3386978,23308,8566262,105845
12/1/2020,MA,10778,10542,30,236,14139,14139,1191,0,277245,155473,,0,8460417,59833,,,132492,265989,3363670,18127,8460417,59833
11/30/2020,MA,10748,10512,26,236,14139,14139,1174,0,274046,155473,,0,8400584,29194,,,132492,262710,3345543,7657,8400584,29194
11/29/2020,MA,10722,10487,46,235,14139,14139,1081,0,272685,155473,,0,8371390,48685,,,132492,262332,3337886,18259,8371390,48685
11/28/2020,MA,10676,10441,41,235,14139,14139,1045,0,269851,155473,,0,8322705,72269,,,132492,261693,3319627,17951,8322705,72269
11/27/2020,MA,10635,10401,31,234,14139,14139,986,322,266566,155473,,0,8250436,119742,,,132492,257397,3301676,33577,8250436,119742
11/26/2020,MA,10604,10372,0,232,13817,13817,942,0,261393,145682,,0,8130694,0,,,130696,254007,3268099,0,8130694,0
11/25/2020,MA,10604,10372,53,232,13817,13817,942,0,261393,145682,,0,8130694,129833,,,130696,254007,3268099,29665,8130694,129833
11/24/2020,MA,10551,10319,20,232,13817,13817,954,0,257495,145682,,0,8000861,80819,,,130696,250995,3238434,22634,8000861,80819
11/23/2020,MA,10531,10299,19,232,13817,13817,922,0,254878,145682,,0,7920042,52280,,,130696,245501,3215800,15545,7920042,52280
11/22/2020,MA,10512,10281,24,231,13817,13817,893,0,252791,145682,,0,7867762,110280,,,130696,244860,3200255,25910,7867762,110280
11/21/2020,MA,10488,10257,19,231,13817,13817,891,0,249489,145682,,0,7757482,109239,,,130696,244122,3174345,32559,7757482,109239
11/20/2020,MA,10469,10238,34,231,13817,13817,904,0,245981,145682,,0,7648243,71269,,,130696,240068,3141786,24878,7648243,71269
11/19/2020,MA,10435,10204,28,231,13817,13817,917,229,243281,145682,,0,7576974,92139,,,130696,237534,3116908,21950,7576974,92139
11/18/2020,MA,10407,10177,47,230,13588,13588,885,0,240381,137422,,0,7484835,97636,,,129352,234128,3094958,23062,7484835,97636
11/17/2020,MA,10360,10130,20,230,13588,13588,835,0,237174,137422,,0,7387199,65468,,,129352,229932,3071896,17743,7387199,65468
11/16/2020,MA,10340,10110,11,230,13588,13588,781,0,234611,137422,,0,7321731,53265,,,129352,225360,3054153,16960,7321731,53265
11/15/2020,MA,10329,10098,36,231,13588,13588,737,0,232360,137422,,0,7268466,71371,,,129352,222261,3037193,18140,7268466,71371
11/14/2020,MA,10293,10065,28,228,13588,13588,705,0,229868,137422,,0,7197095,111066,,,129352,221431,3019053,27792,7197095,111066
11/13/2020,MA,10265,10038,23,227,13588,13588,687,0,226622,137422,,0,7086029,81305,,,129352,218466,2991261,21886,7086029,81305
11/12/2020,MA,10242,10015,20,227,13588,13588,661,215,223573,137422,,0,7004724,98075,,,128053,213220,2969375,21731,7004724,98075
11/11/2020,MA,10222,9994,38,228,13373,13373,659,0,220852,131646,,0,6906649,80321,,,128053,210771,2947644,20452,6906649,80321
11/10/2020,MA,10184,9957,21,227,13373,13373,618,0,217992,131646,,0,6826328,58341,,,128053,207947,2927192,15744,6826328,58341
11/9/2020,MA,10163,9936,14,227,13373,13373,588,0,215662,131646,,0,6767987,47461,,,128053,205541,2911448,14182,6767987,47461
11/8/2020,MA,10149,9923,20,226,13373,13373,568,0,214280,131646,,0,6720526,80572,,,128053,203073,2897266,20139,6720526,80572
11/7/2020,MA,10129,9903,23,226,13373,13373,535,0,212158,131646,,0,6639954,92286,,,128053,202372,2877127,23806,6639954,92286
11/6/2020,MA,10106,9880,21,226,13373,13373,513,0,209659,131646,,0,6547668,86357,,,128053,200056,2853321,20690,6547668,86357
11/5/2020,MA,10085,9859,23,226,13373,13373,498,74,207306,131646,,0,6461311,86359,,,127372,197543,2832631,24454,6461311,86359
11/4/2020,MA,10062,9836,27,226,13299,13299,502,0,205314,127054,,0,6374952,103066,,,127372,195447,2808177,22017,6374952,103066
11/3/2020,MA,10035,9809,12,226,13299,13299,485,0,203311,127054,,0,6271886,54843,,,127372,193148,2786160,14077,6271886,54843
11/2/2020,MA,10023,9797,10,226,13299,13299,469,0,202224,127054,,0,6217043,51419,,,127372,190746,2772083,14036,6217043,51419
11/1/2020,MA,10013,9788,22,225,13299,13299,613,13,201330,127054,,0,6165624,62463,,,127372,188181,2758047,16724,6165624,62463
10/31/2020,MA,9991,9766,16,225,13286,13286,623,33,199991,127054,,0,6103161,93234,,,127219,187483,2741323,18122,6103161,93234
10/30/2020,MA,9975,9750,24,225,13253,13253,571,18,198485,127054,,0,6009927,78604,,,127016,184974,2723201,20248,6009927,78604
10/29/2020,MA,9951,9727,27,224,13235,13235,561,22,196751,127054,,0,5931323,65752,,,126754,183029,2702953,18333,5931323,65752
10/28/2020,MA,9924,9700,36,224,13213,13213,582,53,195310,122856,,0,5865571,84340,,,126476,180772,2684620,18645,5865571,84340
10/27/2020,MA,9888,9664,7,224,13160,13160,567,0,193911,122856,,0,5781231,57358,,,126155,178728,2665975,13727,5781231,57358
10/26/2020,MA,9881,9657,17,224,13160,13160,550,18,192778,122856,,0,5723873,55858,,,125973,174754,2652248,20086,5723873,55858
10/25/2020,MA,9864,9640,25,224,13142,13142,538,16,191267,122856,,0,5668015,82846,,,125829,174264,2632162,17020,5668015,82846
10/24/2020,MA,9839,9616,9,223,13126,13126,551,20,189918,122856,,0,5585169,70021,,,125639,173868,2615142,19168,5585169,70021
10/23/2020,MA,9830,9608,20,222,13106,13106,570,24,188566,122856,,0,5515148,74082,,,125399,171903,2595974,15761,5515148,74082
10/22/2020,MA,9810,9589,30,221,13082,13082,521,26,187420,122856,,0,5441066,74672,,,125118,169922,2580213,17966,5441066,74672
10/21/2020,MA,9780,9559,22,221,13056,13056,519,35,186257,118892,,0,5366394,60353,,,124834,168123,2562247,12722,5366394,60353
10/20/2020,MA,9758,9537,5,221,13021,13021,517,12,185451,118892,,0,5306041,66390,,,124711,166394,2549525,17238,5306041,66390
10/19/2020,MA,9753,9532,16,221,13009,13009,500,8,184514,118892,,0,5239651,70708,,,124340,162655,2532287,17654,5239651,70708
10/18/2020,MA,9737,9517,14,220,13001,13001,483,11,183400,118892,,0,5168943,80146,,,124154,162157,2514633,15588,5168943,80146
10/17/2020,MA,9723,9503,21,220,12990,12990,500,19,182472,118892,,0,5088797,75834,,,123968,161945,2499045,12395,5088797,75834
10/16/2020,MA,9702,9482,30,220,12971,12971,513,25,181769,118892,,0,5012963,57641,,,123893,160204,2486650,14962,5012963,57641
10/15/2020,MA,9672,9452,25,220,12946,12946,503,13,180913,118892,,0,4955322,59123,,,123572,157165,2471688,14737,4955322,59123
10/14/2020,MA,9647,9429,17,218,12933,12933,499,34,180226,118892,,0,4896199,38684,,,123336,156556,2456951,13057,4896199,38684
10/13/2020,MA,9630,9413,13,217,12899,12899,514,17,179559,116364,,0,4857515,42116,,,123089,154194,2443894,13744,4857515,42116
10/12/2020,MA,9617,9401,13,216,12882,12882,501,11,178806,116364,,0,4815399,67395,,,122982,150702,2430150,18801,4815399,67395
10/11/2020,MA,9604,9388,17,216,12871,12871,511,10,177860,116364,,0,4748004,77246,,,122843,150341,2411349,15797,4748004,77246
10/10/2020,MA,9587,9372,10,215,12861,12861,531,15,177148,116364,,0,4670758,69324,,,122655,149566,2395552,15160,4670758,69324
10/9/2020,MA,9577,9362,12,215,12846,12846,500,16,176443,116364,,0,4601434,59918,,,122441,147155,2380392,19567,4601434,59918
10/8/2020,MA,9565,9350,8,215,12830,12830,484,23,175537,116364,,0,4541516,63385,,,122087,145573,2360825,14035,4541516,63385
10/7/2020,MA,9557,9342,19,215,12807,12807,515,32,175047,116364,,0,4478131,61703,,,121906,143436,2346790,16134,4478131,61703
10/6/2020,MA,9538,9323,8,215,12775,12775,494,20,174382,113768,,0,4416428,45378,,,121620,141849,2330656,12785,4416428,45378
10/5/2020,MA,9530,9315,20,215,12755,12755,473,6,173830,113768,,0,4371050,36549,,,121464,139854,2317871,11265,4371050,36549
10/4/2020,MA,9510,9295,3,215,12749,12749,438,4,173288,113768,,0,4334501,68715,,,121397,138291,2306606,18981,4334501,68715
10/3/2020,MA,9507,9292,17,215,12745,12745,416,12,172557,113768,,0,4265786,65768,,,121078,136823,2287625,13813,4265786,65768
10/2/2020,MA,9490,9275,10,215,12733,12733,421,18,171892,113768,,0,4200018,74914,,,120977,134197,2273812,21451,4200018,74914
10/1/2020,MA,9480,9265,24,215,12715,12715,436,29,170958,113768,,0,4125104,74487,,,120585,133689,2252361,18159,4125104,74487
9/30/2020,MA,9456,9242,33,214,12686,12686,438,19,170156,113768,,0,4050617,62393,,,120418,131852,2234202,14404,4050617,62393
9/29/2020,MA,9423,9210,8,213,12667,12667,444,19,169522,111479,,0,3988224,57005,,,120133,130459,2219798,14124,3988224,57005
9/28/2020,MA,9415,9202,11,213,12648,12648,418,3,168973,111479,,0,3931219,49373,,,119987,129009,2205674,13049,3931219,49373
9/27/2020,MA,9404,9191,13,213,12645,12645,408,8,168544,111479,,0,3881846,101826,,,119935,126585,2192625,18065,3881846,101826
9/26/2020,MA,9391,9178,18,213,12637,12637,354,18,167823,111479,,0,3780020,73292,,,119693,126039,2174560,14310,3780020,73292
9/25/2020,MA,9373,9160,11,213,12619,12619,389,13,167221,111479,,0,3706728,64012,,,119449,124547,2160250,15854,3706728,64012
9/24/2020,MA,9362,9150,15,212,12606,12606,375,14,166664,111479,,0,3642716,85168,,,119164,122954,2144396,18556,3642716,85168
9/23/2020,MA,9347,9135,19,212,12592,12592,361,21,166112,111479,,0,3557548,80869,,,118843,121231,2125840,20662,3557548,80869
9/22/2020,MA,9328,9118,11,210,12571,12571,371,18,165412,109397,,0,3476679,40518,,,118447,120496,2105178,9135,3476679,40518
9/21/2020,MA,9317,9107,7,210,12553,12553,367,8,165228,109397,,0,3436161,36649,,,118364,119095,2096043,10823,3436161,36649
9/20/2020,MA,9310,9100,15,210,12545,12545,364,8,164924,109397,,0,3399512,62220,,,118289,117973,2085220,17399,3399512,62220
9/19/2020,MA,9295,9085,26,210,12537,12537,362,23,164504,109397,,0,3337292,72419,,,118069,116565,2067821,21298,3337292,72419
9/18/2020,MA,9269,9059,9,210,12514,12514,338,18,163794,109397,,0,3264873,65310,,,117770,115162,2046523,22217,3264873,65310
9/17/2020,MA,9260,9051,15,209,12496,12496,377,18,163227,109397,,0,3199563,67849,,,117453,113845,2024306,27644,3199563,67849
9/16/2020,MA,9245,9036,20,209,12478,12478,352,16,162714,109397,,0,3131714,55902,,,117107,112394,1996662,16632,3131714,55902
9/15/2020,MA,9225,9016,6,209,12462,12462,310,20,162343,107501,,0,3075812,37187,,,116752,110849,1980030,11796,3075812,37187
9/14/2020,MA,9219,9010,9,209,12442,12442,302,11,161982,107501,,0,3038625,32467,,,116598,109470,1968234,12201,3038625,32467
9/13/2020,MA,9210,9001,14,209,12431,12431,313,5,161677,107501,,0,3006158,37435,,,116531,108478,1956033,12102,3006158,37435
9/12/2020,MA,9196,8987,16,209,12426,12426,331,15,161336,107501,,0,2968723,63370,,,116242,106383,1943931,18313,2968723,63370
9/11/2020,MA,9180,8971,14,209,12411,12411,330,10,160811,107501,,0,2905353,52803,,,115893,100148,1925618,19406,2905353,52803
9/10/2020,MA,9166,8957,20,209,12401,12401,355,14,160263,107501,,0,2852550,53965,,,115578,97848,1906212,17889,2852550,53965
9/9/2020,MA,9146,8937,5,209,12387,12387,338,19,159836,107501,,0,2798585,40201,,,115319,95385,1888323,11350,2798585,40201
9/8/2020,MA,9141,8933,8,208,12368,12368,328,11,159560,105769,,0,2758384,30231,,,115057,94986,1876973,9439,2758384,30231
9/7/2020,MA,9133,8925,8,208,12357,12357,322,7,159337,105769,,0,2728153,23641,,,115013,93223,1867534,9870,2728153,23641
9/6/2020,MA,9125,8917,9,208,12350,12350,312,3,159076,105769,,0,2704512,44050,,,114941,92907,1857664,17731,2704512,44050
9/5/2020,MA,9116,8907,16,209,12347,12347,325,12,158624,105769,,0,2660462,60150,,,114635,92567,1839933,20789,2660462,60150
9/4/2020,MA,9100,8892,23,208,12335,12335,333,10,158114,105769,,0,2600312,39443,,,114277,91070,1819144,17559,2600312,39443
9/3/2020,MA,9077,8870,17,207,12325,12325,312,30,157684,105769,,0,2560869,82387,,,114108,90721,1801585,31584,2560869,82387
9/2/2020,MA,9060,8853,-4,207,12295,12295,308,-91,157208,103920,,0,2478482,30141,,,113667,89417,1770001,15579,2478482,30141
9/1/2020,MA,9064,8831,4,232,12386,12386,320,22,156836,103920,,0,2448341,43915,,,112996,87251,1754422,21654,2448341,43915
8/31/2020,MA,9060,8827,11,232,12364,12364,314,3,156404,103920,,0,2404426,31862,,,112727,86838,1732768,18740,2404426,31862
8/30/2020,MA,9049,8816,13,232,12361,12361,290,3,156076,103920,,0,2372564,32895,,,112603,86612,1714028,16594,2372564,32895
8/29/2020,MA,9036,8803,13,232,12358,12358,305,24,155842,103920,,0,2339669,48917,,,112464,85450,1697434,23882,2339669,48917
8/28/2020,MA,9023,8791,16,232,12334,12334,312,16,155347,103920,,0,2290752,44126,,,111578,83972,1673552,23716,2290752,44126
8/27/2020,MA,9007,8775,20,232,12318,12318,333,19,154839,103920,,0,2246626,52284,,,111148,82573,1649836,25340,2246626,52284
8/26/2020,MA,8987,8755,27,232,12299,12299,356,20,154356,103920,,0,2194342,36478,,,110379,82123,1624496,19744,2194342,36478
8/25/2020,MA,8960,8729,12,231,12279,12279,327,11,153951,102205,,0,2157864,34873,,,109535,79979,1604752,22774,2157864,34873
8/24/2020,MA,8948,8717,27,231,12268,12268,308,12,153528,102205,,0,2122991,58462,,,109138,77748,1581978,37815,2122991,58462
8/23/2020,MA,8921,8690,0,231,12256,12256,315,0,152852,102205,,0,2064529,0,,,108343,74606,1544163,0,2064529,0
8/22/2020,MA,8921,8690,20,231,12256,12256,315,11,152852,102205,,0,2064529,13658,,,108343,74606,1544163,8301,2064529,13658
8/21/2020,MA,8901,8670,13,231,12245,12245,322,20,152702,102205,,0,2050871,41809,,,108011,74485,1535862,26758,2050871,41809
8/20/2020,MA,8888,8657,12,231,12225,12225,379,12,152204,102205,,0,2009062,34144,,,107203,72890,1509104,21831,2009062,34144
8/19/2020,MA,8876,8645,37,231,12213,12213,365,21,151869,102205,,0,1974918,28401,,,106540,72330,1487273,19508,1974918,28401
8/18/2020,MA,8839,8617,6,222,12192,12192,374,14,151543,100486,,0,1946517,16626,,,105874,70597,1467765,11653,1946517,16626
8/17/2020,MA,8833,8611,4,222,12178,12178,367,5,151327,100486,,0,1929891,21416,,,105540,69018,1456112,14946,1929891,21416
8/16/2020,MA,8829,8607,11,222,12173,12173,372,3,151061,100486,,0,1908475,22176,,,105287,68697,1441166,15467,1908475,22176
8/15/2020,MA,8818,8596,14,222,12170,12170,375,20,150687,100486,,0,1886299,33267,,,104872,66513,1425699,22969,1886299,33267
8/14/2020,MA,8804,8582,14,222,12150,12150,398,19,150223,100486,,0,1853032,32001,,,104191,64773,1402730,21552,1853032,32001
8/13/2020,MA,8790,8568,21,222,12131,12131,401,22,149968,100486,,0,1821031,39483,,,103573,63165,1381178,27879,1821031,39483
8/12/2020,MA,8769,8547,18,222,12109,12109,422,20,149570,100486,,0,1781548,28,,,102782,62738,1353299,15693,1781548,28
8/11/2020,MA,8751,8529,10,222,12089,12089,387,27,149568,99021,,0,1781520,3418,,,102208,,1337606,14972,1781520,3418
8/10/2020,MA,8741,8519,6,222,12062,12062,380,8,149527,99021,,0,1778102,14941,,,101714,,1322634,11276,1778102,14941
8/9/2020,MA,8735,8514,14,221,12054,12054,375,10,149301,99021,,0,1763161,7683,,,101485,,1311358,17152,1763161,7683
8/8/2020,MA,8721,8500,12,221,12044,12044,386,22,149234,99021,,0,1755478,12031,,,101139,,1294206,16589,1755478,12031
8/7/2020,MA,8709,8488,18,221,12022,12022,390,15,149046,99021,,0,1743447,21888,,,100383,,1277617,14740,1743447,21888
8/6/2020,MA,8691,8470,32,221,12007,12007,403,14,148701,99021,,0,1721559,23143,,,99768,,1262877,11555,1721559,23143
8/5/2020,MA,8659,8438,2,221,11993,11993,396,20,148290,99021,,0,1698416,25338,,,99170,,1251322,17216,1698416,25338
8/4/2020,MA,8657,8436,9,221,11973,11973,354,31,147889,97595,,0,1673078,24389,,,98298,,1234106,15316,1673078,24389
8/3/2020,MA,8648,8427,10,221,11942,11942,375,6,147503,97595,,0,1648689,26960,,,97515,,1218790,12278,1648689,26960
8/2/2020,MA,8638,8417,12,221,11936,11936,406,6,147080,97595,,0,1621729,8178,,,97293,,1206512,13312,1621729,8178
8/1/2020,MA,8626,8406,17,220,11930,11930,369,22,146945,97595,,0,1613551,11055,,,96964,,1193200,12595,1613551,11055
7/31/2020,MA,8609,8389,14,220,11908,11908,347,15,146758,97595,,0,1602496,21526,,,96180,,1180605,19151,1602496,21526
7/30/2020,MA,8595,8375,15,220,11893,11893,367,17,146308,97595,,0,1580970,22921,,,95217,,1161454,12224,1580970,22921
7/29/2020,MA,8580,8360,29,220,11876,11876,390,21,145779,97595,,0,1558049,22042,,,94348,,1149230,15556,1558049,22042
7/28/2020,MA,8551,8331,15,220,11855,11855,364,22,145395,96452,,0,1536007,25590,,,93124,,1133674,9881,1536007,25590
7/27/2020,MA,8536,8317,7,219,11833,11833,350,5,144998,96452,,0,1510417,22023,,,92664,,1123793,10291,1510417,22023
7/26/2020,MA,8529,8310,19,219,11828,11828,364,15,144566,96452,,0,1488394,7350,,,92459,,1113502,9780,1488394,7350
7/25/2020,MA,8510,8291,12,219,11813,11813,371,28,144440,96452,,0,1481044,11377,,,91756,,1103722,11330,1481044,11377
7/24/2020,MA,8498,8297,14,219,11785,11785,397,15,144243,96452,,0,1469667,17274,,,89569,,1092392,13104,1469667,17274
7/23/2020,MA,8484,8265,16,219,11770,11770,351,9,143913,96452,,0,1452393,20211,,,88712,,1079288,16133,1452393,20211
7/22/2020,MA,8468,8249,18,219,11761,11761,532,15,143566,96452,,0,1432182,18328,,,87346,,1063155,10786,1432182,18328
7/21/2020,MA,8450,8231,17,219,11746,11746,513,24,143238,95390,,0,1413854,19710,,,87006,,1052369,7821,1413854,19710
7/20/2020,MA,8433,8214,2,219,11722,11722,483,5,142899,95390,,0,1394144,17430,,,86433,,1044548,10665,1394144,17430
7/19/2020,MA,8431,8213,12,218,11717,11717,498,8,142539,95390,,0,1376714,7616,,,86165,,1033883,13624,1376714,7616
7/18/2020,MA,8419,8201,17,218,11709,11709,499,18,142431,95390,,0,1369098,10959,,,85623,,1020259,12064,1369098,10959
7/17/2020,MA,8402,8184,22,218,11691,11691,515,28,142262,95390,,0,1358139,17990,,,84539,,1008195,12821,1358139,17990
7/16/2020,MA,8380,8163,12,217,11663,11663,557,12,141964,95390,,0,1340149,17586,,,83598,,995374,12880,1340149,17586
7/15/2020,MA,8368,8152,28,216,11651,11651,580,26,141646,95390,,0,1322563,20921,,,82409,,982494,10424,1322563,20921
7/14/2020,MA,8340,8125,10,215,11625,11625,560,14,141265,94347,,0,1301642,20900,,,81525,,972070,11971,1301642,20900
7/13/2020,MA,8330,8115,5,215,11611,11611,570,3,140951,94347,,0,1280742,20035,,,80888,,960099,8587,1280742,20035
7/12/2020,MA,8325,8110,15,215,11608,11608,583,8,140577,94347,,0,1260707,7040,,,80573,,951512,11119,1260707,7040
7/11/2020,MA,8310,8095,14,215,11600,11600,572,18,140469,94347,,0,1253667,10216,,,80061,,940393,7597,1253667,10216
7/10/2020,MA,8296,8081,28,215,11582,11582,632,23,140318,94347,,0,1243451,18260,,,79073,,932796,12794,1243451,18260
7/9/2020,MA,8268,8053,25,215,11559,11559,635,42,139990,94347,,0,1225191,17740,,,78417,,920002,9648,1225191,17740
7/8/2020,MA,8243,8028,30,215,11517,11517,662,28,139637,94347,,0,1207451,19505,,,77150,,910354,9133,1207451,19505
7/7/2020,MA,8213,7998,15,215,11489,11489,621,20,139336,93157,,0,1187946,19712,,,76090,,901221,7282,1187946,19712
7/6/2020,MA,8198,7983,15,215,11469,11469,603,6,139011,93157,,0,1168234,16979,,,75795,,893939,7726,1168234,16979
7/5/2020,MA,8183,7968,11,215,11463,11463,636,2,138662,93157,,0,1151255,6645,,,75636,,886213,5893,1151255,6645
7/4/2020,MA,8172,7958,23,214,11461,11461,640,25,138527,93157,,0,1144610,4277,,,75302,,880320,7940,1144610,4277
7/3/2020,MA,8149,7935,17,214,11436,11436,656,44,138420,93157,,0,1140333,8339,,,74598,,872380,11444,1140333,8339
7/2/2020,MA,8132,7918,51,214,11392,11392,681,40,138258,93157,,0,1131994,13916,,,73613,,860936,7786,1131994,13916
7/1/2020,MA,8081,7902,27,179,11352,11352,760,15,137915,93157,,0,1118078,14528,,,72752,,853150,10190,1118078,14528
6/30/2020,MA,8054,7874,-41,180,11337,11337,733,-8,137597,93157,,0,1103550,16112,,,71686,,842960,5813,1103550,16112
6/29/2020,MA,8095,7895,35,200,11345,11345,762,26,137252,93157,,0,1087438,16112,,,70768,,837147,6481,1087438,16112
6/28/2020,MA,8060,7860,19,200,11319,11319,748,9,136938,93157,,0,1071326,6248,,,70476,,830666,9391,1071326,6248
6/27/2020,MA,8041,7841,28,200,11310,11310,769,19,136818,93157,,0,1065078,7836,,,69826,,821275,12189,1065078,7836
6/26/2020,MA,8013,7815,50,198,11291,11291,791,39,136627,93157,,0,1057242,13231,,,68259,,809086,8545,1057242,13231
6/25/2020,MA,7963,7776,25,187,11252,11252,822,33,136298,93157,,0,1044011,12646,,,66753,,800541,10318,1044011,12646
6/24/2020,MA,7938,7752,48,186,11219,11219,939,62,135964,91404,,0,1031365,13998,,,65845,,790223,7369,1031365,13998
6/23/2020,MA,7890,7710,16,180,11157,11157,953,63,135621,91404,,0,1017367,14067,,,65313,,782854,7532,1017367,14067
6/22/2020,MA,7874,7694,16,180,11094,11094,920,9,135290,91404,,0,1003300,13590,,,64592,,775322,6730,1003300,13590
6/21/2020,MA,7858,7677,30,181,11085,11085,927,9,134874,91404,,0,989710,5228,,,64266,,768592,8363,989710,5228
6/20/2020,MA,7828,7647,28,181,11076,11076,964,40,134754,91404,,0,984482,7208,,,63736,,760229,14067,984482,7208
6/19/2020,MA,7800,7619,30,181,11036,11036,994,51,134592,91404,,0,977274,11621,,,62591,,746162,9471,977274,11621
6/18/2020,MA,7770,7591,36,179,10985,10985,968,60,134278,91404,,0,965653,17340,,,61085,,736691,9142,965653,17340
6/17/2020,MA,7734,7568,69,166,10925,10925,998,58,133872,88725,,0,948313,17892,,,59940,,727549,8313,948313,17892
6/16/2020,MA,7665,7508,18,157,10867,10867,1045,50,133424,88725,,0,930421,13700,,,58795,,719236,6361,930421,13700
6/15/2020,MA,7647,7490,23,157,10817,10817,1026,15,133033,88725,,0,916721,14126,,,57886,,712875,4492,916721,14126
6/14/2020,MA,7624,7467,48,157,10802,10802,1039,30,132541,88725,,0,902595,5039,,,57582,,708383,9112,902595,5039
6/13/2020,MA,7576,7420,38,156,10772,10772,1069,46,132395,88725,,0,897556,6435,,,57048,,699271,10160,897556,6435
6/12/2020,MA,7538,7382,46,156,10726,10726,1143,72,132202,88725,,0,891121,13004,,,55784,,689111,10186,891121,13004
6/11/2020,MA,7492,7337,38,155,10654,10654,1260,72,131718,88725,,0,878117,13081,,,54574,,678925,10833,878117,13081
6/10/2020,MA,7454,7300,46,154,10582,10582,1345,75,131213,84621,,0,865036,13436,,,53040,,668092,10034,865036,13436
6/9/2020,MA,7408,7255,55,153,10507,10507,1397,82,130653,84621,,0,851600,14355,,,52144,,658058,4660,851600,14355
6/8/2020,MA,7353,7217,37,136,10425,10425,1415,32,130010,84621,,0,837245,13946,,,51404,,653398,4782,837245,13946
6/7/2020,MA,7316,7179,27,137,10393,10393,1442,24,129333,84621,,0,823299,4975,,,51146,,648616,7808,823299,4975
6/6/2020,MA,7289,7152,54,137,10369,10369,1529,66,129081,84621,,0,818324,6265,,,50575,,640808,9800,818324,6265
6/5/2020,MA,7235,7097,34,138,10303,10303,1533,65,128793,84621,,0,812059,11524,,,49556,,631008,9760,812059,11524
6/4/2020,MA,7201,7062,49,139,10238,10238,1637,87,128133,84621,,0,800535,12024,,,48436,,621248,7115,800535,12024
6/3/2020,MA,7152,7012,67,140,10151,10151,1684,88,127383,78108,,0,788511,13111,,,47414,,614133,8362,788511,13111
,,,,,,,,,,,,,,,,,,,,,,,
,,,,,,,,,,,,,,,,,,,,,,,
,,,,,,,,,,,,,,,,,,,,,,,
,,,,,,,,,,,,,,,,,,,,,,,
,,,,,,,,,,,,,,,,,,,,,,,
,,,,,,,,,,,,,,,,,,,,,,,
,,,,,,,,,,,,,,,,,,,,,,,
,,,,,,,,,,,,,,,,,,,,,,,
,,,,,,,,,,,,,,,,,,,,,,,
,,,,,,,,,,,,,,,,,,,,,,,
,,,,,,,,,,,,,,,,,,,,,,,
,,,,,,,,,,,,,,,,,,,,,,,
,,,,,,,,,,,,,,,,,,,,,,,
,,,,,,,,,,,,,,,,,,,,,,,
,,,,,,,,,,,,,,,,,,,,,,,
,,,,,,,,,,,,,,,,,,,,,,,
,,,,,,,,,,,,,,,,,,,,,,,
,,,,,,,,,,,,,,,,,,,,,,,
,,,,,,,,,,,,,,,,,,,,,,,
,,,,,,,,,,,,,,,,,,,,,,,
,,,,,,,,,,,,,,,,,,,,,,,
,,,,,,,,,,,,,,,,,,,,,,,
,,,,,,,,,,,,,,,,,,,,,,,
,,,,,,,,,,,,,,,,,,,,,,,
,,,,,,,,,,,,,,,,,,,,,,,
,,,,,,,,,,,,,,,,,,,,,,,
,,,,,,,,,,,,,,,,,,,,,,,
,,,,,,,,,,,,,,,,,,,,,,,
,,,,,,,,,,,,,,,,,,,,,,,
,,,,,,,,,,,,,,,,,,,,,,,
,,,,,,,,,,,,,,,,,,,,,,,
,,,,,,,,,,,,,,,,,,,,,,,
,,,,,,,,,,,,,,,,,,,,,,,
,,,,,,,,,,,,,,,,,,,,,,,
,,,,,,,,,,,,,,,,,,,,,,,
,,,,,,,,,,,,,,,,,,,,,,,
,,,,,,,,,,,,,,,,,,,,,,,
,,,,,,,,,,,,,,,,,,,,,,,
,,,,,,,,,,,,,,,,,,,,,,,
,,,,,,,,,,,,,,,,,,,,,,,
,,,,,,,,,,,,,,,,,,,,,,,
,,,,,,,,,,,,,,,,,,,,,,,
,,,,,,,,,,,,,,,,,,,,,,,
,,,,,,,,,,,,,,,,,,,,,,,
,,,,,,,,,,,,,,,,,,,,,,,
,,,,,,,,,,,,,,,,,,,,,,,
,,,,,,,,,,,,,,,,,,,,,,,
,,,,,,,,,,,,,,,,,,,,,,,
,,,,,,,,,,,,,,,,,,,,,,,
,,,,,,,,,,,,,,,,,,,,,,,
,,,,,,,,,,,,,,,,,,,,,,,
,,,,,,,,,,,,,,,,,,,,,,,
,,,,,,,,,,,,,,,,,,,,,,,
,,,,,,,,,,,,,,,,,,,,,,,
,,,,,,,,,,,,,,,,,,,,,,,
,,,,,,,,,,,,,,,,,,,,,,,
,,,,,,,,,,,,,,,,,,,,,,,
,,,,,,,,,,,,,,,,,,,,,,,
,,,,,,,,,,,,,,,,,,,,,,,
,,,,,,,,,,,,,,,,,,,,,,,
,,,,,,,,,,,,,,,,,,,,,,,
,,,,,,,,,,,,,,,,,,,,,,,
,,,,,,,,,,,,,,,,,,,,,,,
,,,,,,,,,,,,,,,,,,,,,,,
,,,,,,,,,,,,,,,,,,,,,,,
,,,,,,,,,,,,,,,,,,,,,,,
,,,,,,,,,,,,,,,,,,,,,,,
,,,,,,,,,,,,,,,,,,,,,,,
,,,,,,,,,,,,,,,,,,,,,,,
,,,,,,,,,,,,,,,,,,,,,,,
,,,,,,,,,,,,,,,,,,,,,,,
,,,,,,,,,,,,,,,,,,,,,,,
,,,,,,,,,,,,,,,,,,,,,,,
,,,,,,,,,,,,,,,,,,,,,,,
,,,,,,,,,,,,,,,,,,,,,,,
,,,,,,,,,,,,,,,,,,,,,,,
,,,,,,,,,,,,,,,,,,,,,,,
