Date,WorldCasesNoAmerica,WorldCasesPerDayNoAmerica,WorldCasesPerDayRateOfChangeNoAmerica,WorldDead,WorldDeadPerDay,WorldDeadPerDayRateOfChange,USPercentOfDailyCases,USDead,USDeadPerDay,USDeadPerDayRateOfChange,USTotalCases,USCasesPerDay,USCasesPerDayRateOfChange,USCasesPerDayRateOfChangeRollingAverage,SimpleCounter
1/22/2020,555,0,0,17,0,0,0,0,0,0,1,1,-1,0,1
1/23/2020,654,99,99,18,1,1,0,0,0,0,1,0,-1,-1,2
1/24/2020,941,287,188,26,8,7,0.347222222,0,0,0,2,1,1,0,3
1/25/2020,1434,493,206,42,16,8,0,0,0,0,2,0,-1,0,4
1/26/2020,2118,684,191,56,14,-2,0.436681223,0,0,0,5,3,3,0.4,5
1/27/2020,2927,809,125,82,26,12,0,0,0,0,5,0,-3,0,6
1/28/2020,5578,2651,1842,131,49,23,0,0,0,0,5,0,0,-0.428571429,7
1/29/2020,6166,588,-2063,133,2,-47,0,0,0,0,5,0,0,0,8
1/30/2020,8234,2068,1480,171,38,36,0,0,0,0,5,0,0,0,9
1/31/2020,9927,1693,-375,213,42,4,0.1179941,0,0,0,7,2,2,0.2,10
2/1/2020,12038,2111,418,259,46,4,0.047348485,0,0,0,8,1,-1,0.090909091,11
2/2/2020,16787,4749,2638,362,103,57,0,0,0,0,8,0,-1,-0.166666667,12
2/3/2020,19881,3094,-1655,426,64,-39,0.096867937,0,0,0,11,3,3,0.153846154,13
2/4/2020,23892,4011,917,492,66,2,0,0,0,0,11,0,-3,0,14
2/5/2020,27635,3743,-268,564,72,6,0,0,0,0,11,0,0,-0.2,15
2/6/2020,30794,3159,-584,634,70,-2,0,0,0,0,11,0,0,0,16
2/7/2020,34391,3597,438,719,85,15,0,0,0,0,11,0,0,0,17
2/8/2020,37120,2729,-868,806,87,2,0,0,0,0,11,0,0,0,18
2/9/2020,40150,3030,301,906,100,13,0,0,0,0,11,0,0,0,19
2/10/2020,42762,2612,-418,1013,107,7,0,0,0,0,11,0,0,0,20
2/11/2020,44802,2040,-572,1113,100,-7,0.04899559,0,0,0,12,1,1,0.047619048,21
2/12/2020,45221,419,-1621,1118,5,-95,0,0,0,0,12,0,-1,0,22
2/13/2020,60368,15147,14728,1371,253,248,0.006601532,0,0,0,13,1,1,0,23
2/14/2020,66885,6517,-8630,1523,152,-101,0,0,0,0,13,0,-1,0,24
2/15/2020,69030,2145,-4372,1666,143,-9,0,0,0,0,13,0,0,-0.04,25
2/16/2020,71224,2194,49,1770,104,-39,0,0,0,0,13,0,0,0,26
2/17/2020,73258,2034,-160,1868,98,-6,0,0,0,0,13,0,0,0,27
2/18/2020,75136,1878,-156,2007,139,41,0,0,0,0,13,0,0,0,28
2/19/2020,75639,503,-1375,2122,115,-24,0,0,0,0,13,0,0,0,29
2/20/2020,76197,558,55,2245,123,8,0,0,0,0,13,0,0,0,30
2/21/2020,76819,622,64,2249,4,-119,0.320512821,0,0,0,15,2,2,0.064516129,31
2/22/2020,78572,1753,1131,2456,207,203,0,0,0,0,15,0,-2,0,32
2/23/2020,78958,386,-1367,2466,10,-197,0,0,0,0,15,0,0,-0.060606061,33
2/24/2020,79561,603,217,2626,160,150,5.633802817,0,0,0,51,36,36,1.058823529,34
2/25/2020,80406,845,242,2705,79,-81,0,0,0,0,51,0,-36,0,35
2/26/2020,81388,982,137,2766,61,-18,0.607287449,0,0,0,57,6,6,-0.833333333,36
2/27/2020,82746,1358,376,2810,44,-17,0.073583517,0,0,0,58,1,-5,0.027027027,37
2/28/2020,84112,1366,8,2866,56,12,0.14619883,0,0,0,60,2,1,-0.105263158,38
2/29/2020,86011,1899,533,2935,69,13,0.419507079,1,1,1,68,8,6,0.179487179,39
3/1/2020,88369,2358,459,2991,56,-13,0.253807107,2,1,0,74,6,-2,0.1,40
3/2/2020,90315,1946,-412,3079,88,32,1.667508843,6,4,3,107,33,27,0.609756098,41
3/3/2020,92849,2534,588,3156,77,-11,0.783085356,9,3,-1,127,20,-13,0.333333333,42
3/4/2020,95128,2279,-255,3248,92,15,1.512532411,11,2,-1,162,35,15,0.046511628,43
3/5/2020,97893,2765,486,3341,93,1,2.365819209,12,1,-1,229,67,32,1.068181818,44
3/6/2020,101866,3973,1208,3456,115,22,2.526987242,17,5,4,332,103,36,1.511111111,45
3/7/2020,105885,4019,46,3554,98,-17,2.734753146,19,2,-3,445,113,10,1,46
3/8/2020,109853,3968,-51,3796,242,144,2.72125521,22,3,1,556,111,-2,0.170212766,47
3/9/2020,113700,3847,-121,3985,189,-53,3.5839599,26,4,1,699,143,32,0.625,48
3/10/2020,118655,4955,1108,4259,274,85,5.744721324,30,4,0,1001,302,159,3.897959184,49
3/11/2020,125818,7163,2208,4608,349,75,3.12415472,37,7,3,1232,231,-71,1.76,50
3/12/2020,128235,2417,-4746,4714,106,-243,11.75611537,40,3,-4,1554,322,91,0.392156863,51
3/13/2020,145186,16951,14534,5401,687,581,3.446115288,49,9,6,2159,605,283,7.192307692,52
3/14/2020,156031,10845,-6106,5823,422,-265,4.432499119,58,9,0,2662,503,-102,3.41509434,53
3/15/2020,167454,11423,578,6459,636,214,6.910602233,67,9,0,3510,848,345,4.5,54
3/16/2020,181280,13826,2403,7124,665,29,5.688949523,81,14,5,4344,834,-14,6.018181818,55
3/17/2020,196364,15084,1258,7915,791,126,8.470873786,100,19,5,5740,1396,562,9.785714286,56
3/18/2020,214892,18528,3444,8788,873,82,10.50572381,137,37,18,7915,2175,779,23.52631579,57
3/19/2020,241767,26875,8347,9864,1076,203,15.94996091,185,48,11,13015,5100,2925,63.86206897,58
3/20/2020,270739,28972,2097,11287,1423,347,14.42833092,223,38,-10,17900,4885,-215,45.93220339,59
3/21/2020,301422,30683,1711,12920,1633,210,13.37624573,247,24,-14,22638,4738,-147,-6.033333333,60
3/22/2020,335144,33722,3039,14620,1700,67,21.02021219,390,143,119,31613,8975,4237,67.04918033,61
3/23/2020,375153,40009,6287,16426,1806,106,18.92313616,462,72,-71,40951,9338,363,74.19354839,62
3/24/2020,416751,41598,1589,18677,2251,445,21.98131963,682,220,148,52671,11720,2382,43.57142857,63
3/25/2020,465820,49069,7471,21355,2678,427,18.99864637,897,215,-5,64180,11509,-211,33.921875,64
3/26/2020,527974,62154,13085,24227,2872,194,22.74015513,1177,280,65,82474,18294,6785,101.1384615,65
3/27/2020,591420,63446,1292,27550,3323,451,21.71799427,1539,362,82,100076,17602,-692,92.31818182,66
3/28/2020,657305,65885,2439,30998,3448,125,21.76107351,1944,405,43,118401,18325,723,0.462686567,67
3/29/2020,717510,60205,-5680,34304,3306,-142,25.15074284,2414,470,65,138631,20230,1905,38.64705882,68
3/30/2020,780841,63331,3126,38185,3881,575,25.89051676,2952,538,68,160756,22125,1895,55.07246377,69
3/31/2020,853867,73026,9695,42624,4439,558,24.94527067,3768,816,278,185027,24271,2146,57.72857143,70
4/1/2020,929998,76131,3105,47887,5263,824,25.63734396,4731,963,147,211274,26247,1976,58.05633803,71
4/2/2020,1009856,79858,3727,53690,5803,540,26.97428582,5812,1081,118,240772,29498,3251,72.59722222,72
4/3/2020,1093085,83229,3371,59533,5843,40,28.16416365,6987,1175,94,273403,32631,3133,87.45205479,73
4/4/2020,1172951,79866,-3363,65320,5787,-56,29.25388206,8218,1231,56,306428,33025,394,47.66216216,74
4/5/2020,1244615,71664,-8202,70133,4813,-974,26.77708412,9458,1240,9,332635,26207,-6818,-85.65333333,75
4/6/2020,1317530,72915,1251,75583,5450,637,29.69608732,10741,1283,43,363434,30799,4592,-29.28947368,76
4/7/2020,1392364,74834,1919,83120,7537,2087,29.0720047,12680,1939,656,394107,30673,-126,58,77
4/8/2020,1476170,83806,8972,89647,6527,-1010,27.39165844,14596,1916,-23,425723,31616,943,10.47435897,78
4/9/2020,1561465,85295,1489,97049,7402,875,28.58458576,16456,1860,-56,459863,34140,2524,43.88607595,79
4/10/2020,1654053,92588,7293,104254,7205,-197,26.8657188,18511,2055,195,493875,34012,-128,29.95,80
4/11/2020,1724811,70758,-21830,110089,5835,-1370,24.1745877,20324,1813,-242,516434,22559,-11453,-142.9753086,81
4/12/2020,1830433,105622,34864,115465,5376,-459,25.12688916,21737,1413,-400,551880,35446,12887,17.48780488,82
4/13/2020,1901506,71073,-34549,121035,5570,194,27.0657171,23384,1647,234,578255,26375,-9071,45.97590361,83
4/14/2020,1971722,70216,-857,131612,10577,5007,27.70106776,29463,6079,4432,605158,26903,528,-101.702381,84
4/15/2020,2052970,81248,11032,139975,8363,-2214,26.99433911,32081,2618,-3461,635200,30042,3139,43.14117647,85
4/16/2020,2148103,95133,13885,147368,7393,-970,24.00971316,34283,2202,-416,665258,30058,16,36.68604651,86
4/17/2020,2229498,81395,-13738,155802,8434,1041,23.98531911,36444,2161,-41,690941,25683,-4375,-50.10344828,87
4/18/2020,2307939,78441,-2954,161609,5807,-2627,29.82994445,38186,1742,-419,724287,33346,7663,37.36363636,88
4/19/2020,2391509,83570,5129,167084,5475,-332,24.20642119,40292,2106,364,750977,26690,-6656,11.31460674,89
4/20/2020,2458243,66734,-16836,172222,5138,-337,24.23478656,41824,1532,-574,772323,21346,-5344,-133.3333333,90
4/21/2020,2538981,80738,14004,179670,7448,2310,27.89189769,44559,2735,1203,803553,31230,9884,49.89010989,91
4/22/2020,2614001,75020,-5718,186693,7023,-425,27.3491444,47246,2687,-48,831794,28241,-2989,74.94565217,92
4/23/2020,2705999,91998,16978,193452,6759,-264,28.79907746,49572,2326,-361,869005,37211,8970,64.31182796,93
4/24/2020,2789373,83374,-8624,199952,6500,-259,28.03839149,51523,1951,-375,901490,32485,-4726,45.14893617,94
4/25/2020,2875367,85994,2620,205614,5662,-838,28.25403182,53267,1744,-207,935355,33865,1380,-35.22105263,95
4/26/2020,2951139,75772,-10222,209741,4127,-1535,28.23465899,54813,1546,-198,965166,29811,-4054,-27.85416667,96
4/27/2020,3022304,71165,-4607,214514,4773,646,26.10456363,56389,1576,30,990306,25140,-4671,-89.94845361,97
4/28/2020,3093376,71072,-93,220634,6120,1347,23.82503939,58298,1909,333,1012535,22229,-2911,-77.36734694,98
4/29/2020,3167973,74597,3525,227041,6407,287,26.63191542,60458,2160,251,1039613,27078,4849,19.57575758,99
4/30/2020,3255259,87286,12689,233030,5989,-418,25.47938188,62728,2270,110,1069457,29844,2766,76.15,100
5/1/2020,3304183,48924,-38362,236018,2988,-3001,40.62909567,64950,2222,-48,1102937,33480,3636,63.38613861,101
5/2/2020,3371429,67246,18322,240138,4120,1132,28.98449711,66417,1467,-755,1130383,27446,-6034,-23.50980392,102
5/3/2020,3447949,76520,9274,244963,4825,705,24.17906898,67615,1198,-269,1154785,24402,-3044,-88.13592233,103
5/4/2020,3535991,88042,11522,248515,3552,-1273,24.26559772,68893,1278,80,1182994,28209,3807,7.336538462,104
5/5/2020,3609604,73613,-14429,253755,5240,1688,23.46648091,70971,2078,800,1205565,22571,-5638,-17.43809524,105
5/6/2020,3702814,93210,19597,260257,6502,1262,23.79948006,73863,2892,814,1234677,29112,6541,8.518867925,106
5/7/2020,3800036,97222,4012,267063,6806,304,21.99963095,76441,2578,-314,1262098,27421,-1691,45.3271028,107
5/8/2020,3885681,85645,-11577,271952,4889,-1917,24.40264452,78041,1600,-978,1289744,27646,225,-13.57407407,108
5/9/2020,3977827,92146,6501,277395,5443,554,20.36332838,79472,1431,-169,1313306,23562,-4084,-35.40366972,109
5/10/2020,4046063,68236,-23910,280955,3560,-1883,22.63667491,80533,1061,-370,1333272,19966,-3596,-69.81818182,110
5/11/2020,4137324,91261,23025,284403,3448,-112,21.23233875,81415,882,-179,1357872,24600,4634,9.351351351,111
5/12/2020,4209634,72310,-18951,289050,4647,1199,24.30650058,83321,1906,1024,1381092,23220,-1380,29.05357143,112
5/13/2020,4304202,94568,22258,294775,5725,1078,14.72062908,84440,1119,-787,1397416,16324,-6896,-73.23893805,113
5/14/2020,4383318,79116,-15452,299945,5170,-555,26.35782302,86676,2236,1117,1425733,28317,11993,44.71052632,114
5/15/2020,4473333,90015,10899,304523,4578,-592,21.67091604,88101,1425,-811,1450637,24904,-3413,74.60869565,115
5/16/2020,4582890,109557,19542,309731,5208,630,18.40484401,89471,1370,-55,1475349,24712,-192,-31.07758621,116
5/17/2020,4667857,84967,-24590,313382,3651,-1557,16.81156866,90256,785,-585,1492520,17171,-7541,-66.09401709,117
5/18/2020,4753813,85956,989,316568,3186,-465,23.4538217,91172,916,131,1518857,26337,9166,13.77118644,118
5/19/2020,4838715,84902,-1054,320465,3897,711,18.87207125,92566,1394,478,1538607,19750,-6587,21.67226891,119
5/20/2020,4935585,96870,11968,325236,4771,874,15.66695106,93740,1174,-220,1556603,17996,-1754,-69.50833333,120
5/21/2020,5038912,103327,6457,329690,4454,-317,22.83271098,94988,1248,74,1587176,30573,12577,89.44628099,121
5/22/2020,5134860,95948,-7379,334788,5098,644,20.10924321,96667,1679,431,1611327,24151,-6422,50.45081967,122
5/23/2020,5240204,105344,9396,339635,4847,-251,16.4579649,97555,888,-791,1632080,20753,-3398,-79.83739837,123
5/24/2020,5343493,103289,-2055,343187,3552,-1295,14.00537836,98125,570,-318,1648902,16822,-3931,-59.10483871,124
5/25/2020,5446068,102575,-714,344589,1402,-2150,18.36645365,98935,810,240,1671980,23078,6256,18.6,125
5/26/2020,5521787,75719,-26856,347546,2957,1555,19.90712828,99635,700,-110,1690800,18820,-4258,15.85714286,126
5/27/2020,5614159,92372,16653,352156,4610,1653,15.09848436,100717,1082,382,1707227,16427,-2393,-52.37007874,127
5/28/2020,5717000,102841,10469,357067,4911,301,15.55736197,101961,1244,162,1726174,18947,2520,0.9921875,128
5/29/2020,5837235,120235,17394,361950,4883,-28,17.5190193,103370,1409,165,1751712,25538,6591,70.62790698,129
5/30/2020,5953596,116361,-3874,366287,4337,-546,15.03271315,104179,809,-600,1772299,20587,-4951,12.61538462,130
5/31/2020,6079670,126074,9713,370076,3789,-548,13.88270332,104827,648,-161,1792623,20324,-263,-39.80152672,131
6/1/2020,6179945,100275,-25799,372721,2645,-1144,10.96875583,105168,341,-307,1804977,12354,-7970,-62.37121212,132
6/2/2020,6292299,112354,12079,377082,4361,1716,21.30640032,106663,1495,1154,1835397,30420,18066,75.90977444,133
6/3/2020,6398255,105956,-6398,382228,5146,785,15.5816529,107578,915,-580,1854954,19557,-10863,53.75373134,134
6/4/2020,6530482,132227,26271,387565,5337,191,14.02721699,108676,1098,183,1876528,21574,2017,-65.52592593,135
6/5/2020,6654760,124278,-7949,392098,4533,-804,14.36957825,109562,886,-212,1897383,20855,-719,9.544117647,136
6/6/2020,6786473,131713,7435,395963,3865,-668,15.00193598,110247,685,-201,1920630,23247,2392,12.21167883,137
6/7/2020,6912382,125909,-5804,400564,4601,736,14.8964501,110747,500,-185,1942669,22039,-1208,8.579710145,138
6/8/2020,7032627,120245,-5664,403531,2967,-1634,16.18863742,111559,812,312,1965895,23226,1187,-0.151079137,139
6/9/2020,7139264,106637,-13608,407873,4342,1375,14.05717325,112437,878,66,1983337,17442,-5784,-32.83571429,140
6/10/2020,7269408,130144,23507,412941,5068,726,14.35697317,113450,1013,135,2005154,21817,4375,-9.992907801,141
6/11/2020,7389637,120229,-9915,417545,4604,-464,15.93141882,114321,871,-142,2027938,22784,967,37.61971831,142
6/12/2020,7541704,152067,31838,422700,5155,551,13.87672808,115166,845,-26,2052440,24502,1718,18.77622378,143
6/13/2020,7656689,114985,-37082,426532,3832,-1323,15.68221983,115895,729,-116,2073826,21386,-3116,-9.708333333,144
6/14/2020,7758475,101786,-13199,430591,4059,227,20.37829423,116329,434,-295,2099877,26051,4665,10.68275862,145
6/15/2020,7926548,168073,66287,433642,3051,-1008,11.94788321,116683,354,-80,2122683,22806,-3245,9.726027397,146
6/16/2020,8072603,146055,-22018,438559,4917,1866,12.83784993,117440,757,403,2144195,21512,-1294,-30.87755102,147
6/17/2020,8212954,140351,-5704,444914,6355,1438,14.41803459,118206,766,9,2167840,23645,2133,5.668918919,148
6/18/2020,8390132,177178,36827,450085,5171,-1184,14.69441208,119002,796,30,2198360,30520,6875,60.45637584,149
6/19/2020,8531911,141779,-35399,455088,5003,-168,17.86546015,119721,719,-77,2229199,30839,319,47.96,150
6/20/2020,8701678,169767,27988,461193,6105,1102,15.33958021,120275,554,-165,2259959,30760,-79,1.589403974,151
6/21/2020,8792787,91109,-78658,465447,4254,-1851,21.3485959,120564,289,-265,2284689,24730,-6030,-40.19078947,152
6/22/2020,8998204,205417,114308,469045,3598,-656,14.10429568,120942,378,89,2318419,33730,9000,19.41176471,153
6/23/2020,9133692,135488,-69929,473403,4358,760,18.53824833,121737,795,417,2349252,30833,-2897,39.62987013,154
6/24/2020,9308461,174769,39281,478832,5429,1071,20.67708759,122581,844,49,2394809,45557,14724,76.30322581,155
6/25/2020,9496700,188239,13470,484296,5464,35,13.43542342,123161,580,-264,2424025,29216,-16341,-10.36538462,156
6/26/2020,9662747,166047,-22192,490303,6007,543,21.6718792,125579,2418,1838,2469967,45942,16726,2.452229299,157
6/27/2020,9844962,182215,16168,495142,4839,-1168,19.00619627,126103,524,-1894,2512726,42759,-3183,85.71518987,158
6/28/2020,10022556,177594,-4621,499661,4519,-320,18.80600563,126554,451,-73,2553860,41134,-1625,-30.23899371,159
6/29/2020,10191463,168907,-8687,502663,3002,-1517,19.55507082,126801,247,-204,2594919,41059,-75,-10.625,160
6/30/2020,10326435,134972,-33935,506926,4263,1261,24.34813802,128209,1408,1161,2638359,43440,2381,14.32298137,161
7/1/2020,10535013,208578,73606,513038,6112,1849,19.40509587,129060,851,-557,2688579,50220,6780,56.54938272,162
7/2/2020,10750839,215826,7248,517750,4712,-1400,20.6057953,129691,631,-220,2744594,56015,5795,77.14723926,163
7/3/2020,10928440,177601,-38225,522729,4979,267,23.86821044,130260,569,-62,2800274,55680,-335,33.29268293,164
7/4/2020,11129870,201430,23829,526233,3504,-1475,20.02175847,130645,385,-184,2850700,50426,-5254,-33.87272727,165
7/5/2020,11318916,189046,-12384,531988,5755,2251,17.29041065,130846,201,-184,2890220,39520,-10906,-97.34939759,166
7/6/2020,11498120,179204,-9842,535417,3429,-2326,21.31064039,131197,351,150,2938752,48532,9012,-11.34131737,167
7/7/2020,11685023,186903,7699,539887,4470,1041,24.68538823,132009,812,461,3000012,61260,12728,129.4047619,168
7/8/2020,11898181,213158,26255,545667,5780,1310,21.4586803,132873,864,52,3058250,58238,-3022,57.43195266,169
7/9/2020,12109656,211475,-1683,551383,5716,-64,21.13320554,133894,1021,157,3114917,56667,-1571,-27.01764706,170
7/10/2020,12342962,233306,21831,556522,5139,-577,23.39571841,134754,860,-161,3186171,71254,14587,76.11695906,171
7/11/2020,12563313,220351,-12955,561522,5000,-139,22.78221073,135504,750,-110,3251183,65012,-6242,48.51744186,172
7/12/2020,12774774,211461,-8890,566222,4700,-300,20.13920623,135959,455,-295,3304509,53326,-11686,-103.6300578,173
7/13/2020,12979804,205030,-6431,570425,4203,-497,23.14670085,136279,320,-135,3366260,61751,8425,-18.74137931,174
7/14/2020,13175105,195301,-9729,574662,4237,34,25.68681319,137079,800,480,3433767,67507,5756,81.03428571,175
7/15/2020,13392540,217435,22134,580072,5410,1173,23.65933811,138011,932,132,3501154,67387,-120,32.02272727,176
7/16/2020,13629129,236589,19154,585650,5578,168,23.54952224,139027,1016,84,3574032,72878,5491,30.34463277,177
7/17/2020,13876699,247570,10981,591396,5746,168,23.43472143,139950,923,-93,3649807,75775,2897,47.12359551,178
7/18/2020,14174262,297563,49993,604105,12709,6963,18.54061157,140825,875,-48,3717534,67727,-8048,-28.77653631,179
7/19/2020,14355653,181391,-116172,603264,-841,-13550,25.83996337,141355,530,-345,3780737,63203,-4524,-69.84444444,180
7/20/2020,14580972,225319,43928,607412,4148,4989,21.35764421,141779,424,-106,3841929,61192,-2011,-36.10497238,181
7/21/2020,14774328,193356,-31963,611703,4291,143,24.0078289,142823,1044,620,3903015,61086,-106,-11.63186813,182
7/22/2020,15024422,250094,56738,618398,6695,2404,21.38449593,143869,1046,2,3971044,68029,6943,37.36065574,183
7/23/2020,15278939,254517,4423,625337,6939,244,22.87784303,145075,1206,160,4046545,75501,7472,78.3423913,184
7/24/2020,15590166,311227,56710,635139,9802,2863,19.12463652,146157,1082,-124,4120141,73596,-1905,30.09189189,185
7/25/2020,15806278,216112,-95115,641117,5978,-3824,23.00138953,147121,964,-118,4184699,64558,-9038,-58.83333333,186
7/26/2020,16112251,305973,89861,645774,4657,-1321,16.1012139,147603,482,-482,4243419,58720,-5838,-79.55080214,187
7/27/2020,16319075,206824,-99149,649799,4025,-632,22.38142775,148213,610,128,4303057,59638,918,-26.17021277,188
7/28/2020,16548239,229164,22340,656569,6770,2745,19.96116179,150431,2218,1608,4360209,57152,-2486,-8.296296296,189
7/29/2020,16757967,209728,-19436,657003,434,-6336,26.01612824,151823,1392,-826,4433959,73750,16598,74.27368421,190
7/30/2020,17093658,335691,125963,669327,12324,11890,15.9905102,153167,1344,-48,4497855,63896,-9854,35.30890052,191
7/31/2020,17370517,276859,-58832,675591,6264,-6060,19.59556592,154407,1240,-104,4565329,67474,3578,-32.6875,192
8/1/2020,17658522,288005,11146,681570,5979,-285,18.64610257,155562,1155,-85,4631339,66010,-1464,10.95336788,193
8/2/2020,17903041,244519,-43486,686569,4999,-980,16.5771661,156113,551,-604,4679928,48589,-17421,-97.34536082,194
8/3/2020,18141254,238213,-6306,691116,4547,-452,16.19978682,156650,537,-14,4725978,46050,-2539,-102.3589744,195
8/4/2020,18343214,201960,-36253,696085,4969,422,20.30872674,157917,1267,730,4777446,51468,5418,14.68877551,196
8/5/2020,18594375,251161,49201,702682,6597,1628,16.9372468,159215,1298,31,4828660,51214,-254,26.21319797,197
8/6/2020,18870330,275955,24794,709418,6736,139,17.58084219,160394,1179,-119,4887524,58864,7650,37.35353535,198
8/7/2020,19148146,277816,1861,716224,6806,70,17.18899971,161694,1300,121,4945190,57666,-1198,32.42211055,199
8/8/2020,19442211,294065,16249,722753,6529,-277,17.83438067,162904,1210,-90,5009018,63828,6162,24.82,200
8/9/2020,19692499,250288,-43777,727712,4959,-1570,15.81100127,163483,579,-631,5056023,47005,-16823,-53.039801,201
8/10/2020,19912576,220077,-30211,732281,4569,-390,16.32435022,164022,539,-40,5098958,42935,-4070,-103.4306931,202
8/11/2020,20144034,231458,11381,737754,5473,904,18.39352389,165237,1215,676,5151127,52169,9234,25.43842365,203
8/12/2020,20347456,203422,-28036,743307,5553,80,20.81419429,166661,1424,209,5204597,53470,1301,51.64215686,204
8/13/2020,20682399,334943,131521,751224,7917,2364,14.51304983,168012,1351,-73,5261460,56863,3393,22.89756098,205
8/14/2020,20970787,288388,-46555,757175,5951,-1966,16.29767226,169082,1070,-281,5317612,56152,-711,13.01941748,206
8/15/2020,21214542,243755,-44633,766424,9249,3298,17.97400797,170303,1221,151,5371025,53413,-2739,-16.66666667,207
8/16/2020,21509931,295389,51634,772310,5886,-3363,13.00189966,170860,557,-664,5415171,44146,-9267,-57.72115385,208
8/17/2020,21721329,211398,-83991,776594,4284,-1602,16.23920787,171534,674,117,5456156,40985,-3161,-59.46411483,209
8/18/2020,21936823,215494,4096,776012,-582,-4866,16.00344571,172613,1079,405,5497213,41057,72,-14.70952381,210
8/19/2020,22191348,254525,39031,782865,6853,7435,14.49768545,173914,1301,222,5540370,43157,2100,10.29383886,211
8/20/2020,22463110,271762,17237,789273,6408,-445,15.22088391,175043,1129,-172,5589161,48791,5634,36.48113208,212
8/21/2020,22735884,272774,1012,795290,6017,-391,14.56188433,176257,1214,85,5635652,46491,-2300,15.65258216,213
8/22/2020,23004519,268635,-4139,800948,5658,-359,14.52748064,177198,941,-273,5681311,45659,-832,-14.63551402,214
8/23/2020,23248539,244020,-24615,805625,4677,-981,12.60905067,177704,506,-435,5716519,35208,-10451,-52.47906977,215
8/24/2020,23471995,223456,-20564,810071,4446,-231,15.50448274,178336,632,126,5757522,41003,5795,-21.55555556,216
8/25/2020,23696169,224174,718,814935,4864,418,13.60810837,179304,968,336,5792833,35311,-5692,0.474654378,217
8/26/2020,23940082,243913,19739,821286,6351,1487,14.1988272,180497,1193,225,5833197,40364,5053,-2.931192661,218
8/27/2020,24233726,293644,49731,827335,6049,-302,14.6115641,181488,991,-202,5883445,50248,9884,68.20547945,219
8/28/2020,24514936,281210,-12434,833351,6016,-33,15.45531347,182730,1242,251,5934852,51407,1159,50.19545455,220
8/29/2020,24788762,273826,-7384,838845,5494,-522,12.26337712,183662,932,-310,5973126,38274,-13133,-54.18099548,221
8/30/2020,25041973,253211,-20615,843701,4856,-638,13.15571957,184104,442,-490,6011484,38358,84,-58.77927928,222
8/31/2020,25266398,224425,-28786,847829,4128,-728,13.02233108,184641,537,95,6045085,33601,-4757,-20.95515695,223
9/1/2020,25537935,271537,47112,852314,4485,357,13.8767924,185518,877,340,6088837,43752,10151,24.08035714,224
9/2/2020,25794546,256611,-14926,858859,6545,2060,12.0128512,186652,1134,257,6123872,35035,-8717,6.373333333,225
9/3/2020,26079911,285365,28754,864823,5964,-581,13.19167706,187660,1008,-126,6167237,43365,8330,-1.712389381,226
9/4/2020,26366262,286351,986,870605,5782,-182,14.73131599,188808,1148,140,6216708,49471,6106,63.59471366,227
9/5/2020,26662256,295994,9643,875854,5249,-533,12.43946812,189386,578,-570,6258759,42051,-7420,-5.763157895,228
9/6/2020,26915482,253226,-42768,880519,4665,-584,11.84903086,189896,510,-68,6292797,34038,-8013,-67.3930131,229
9/7/2020,27145550,230068,-23158,884579,4060,-605,11.79591774,190327,431,-79,6323565,30768,-3270,-49.05652174,230
9/8/2020,27373490,227940,-2128,893460,8881,4821,9.764256448,190653,326,-105,6348230,24665,-6103,-40.57575758,231
9/9/2020,27618743,245253,17313,899339,5879,-3002,11.67337737,191755,1102,776,6380643,32413,7748,7.090517241,232
9/10/2020,27914942,296199,50946,905527,6188,309,11.25283141,192846,1091,-11,6418200,37557,5144,55.3304721,233
9/11/2020,28224278,309336,13137,911368,5841,-347,13.08247353,193801,955,-136,6464760,46560,9003,60.45726496,234
9/12/2020,28538820,314542,5206,916898,5530,-311,11.87719927,194671,870,-85,6507154,42394,-4166,20.58297872,235
9/13/2020,28806599,267779,-46763,921507,4609,-921,10.56981979,195119,448,-422,6538803,31649,-10745,-63.18220339,236
9/14/2020,28953297,146698,-121081,924143,2636,-1973,20.30704209,195627,508,60,6576184,37381,5732,-21.15189873,237
9/15/2020,29243154,289857,143159,929221,5078,2442,11.06907819,196615,988,480,6612262,36078,-1303,18.6092437,238
9/16/2020,29612136,368982,79125,936552,7331,2253,9.929697798,197631,1016,28,6652940,40678,4600,13.79497908,239
9/17/2020,29825678,213542,-155440,941241,4689,-2642,17.46435432,198681,1050,34,6698125,45185,4507,37.94583333,240
9/18/2020,30148923,323245,109703,946915,5674,985,13.16360686,199650,969,-81,6747126,49001,3816,34.53526971,241
9/19/2020,30469883,320960,-2285,952147,5232,-442,12.79587889,200348,698,-271,6794222,47096,-1905,7.896694215,242
9/20/2020,30738747,268864,-52096,957110,4963,-269,10.42584239,200677,329,-369,6825516,31294,-15802,-72.86831276,243
9/21/2020,30987223,248476,-20388,960890,3780,-1183,13.37591165,200985,308,-21,6863884,38368,7074,-35.7704918,244
9/22/2020,31301235,314012,65536,965478,4588,808,14.9806954,201801,816,508,6919214,55330,16962,98.10612245,245
9/23/2020,31572453,271218,-42794,971536,6058,1470,12.68945003,202895,1094,278,6958632,39418,-15912,4.268292683,246
9/24/2020,31839571,267118,-4100,976890,5354,-704,13.57642034,203829,934,-160,7000594,41962,2544,-54.12145749,247
9/25/2020,32212529,372958,105840,983346,6456,1102,13.00601562,204496,667,-267,7056353,55759,13797,65.89112903,248
9/26/2020,32542435,329906,-43052,989321,5975,-481,13.07351597,205457,961,294,7105970,49617,-6142,30.74297189,249
9/27/2020,32804305,261870,-68036,994162,4841,-1134,11.06288462,205794,337,-624,7138544,32574,-17043,-92.74,250
9/28/2020,33049849,245544,-16326,997973,3811,-1030,13.51831111,206195,401,64,7176926,38382,5808,-44.76095618,251
9/29/2020,33413895,364046,118502,1003385,5412,1601,9.686622409,206972,777,376,7215972,39046,664,25.68253968,252
9/30/2020,33623994,210099,-153947,1008409,5024,-388,17.64472998,207982,1010,233,7260986,45014,5968,26.21343874,253
10/1/2020,33947699,323705,113606,1014786,6377,1353,12.56344252,208902,920,-90,7307498,46512,1498,29.39370079,254
10/2/2020,34279915,332216,8511,1023572,8786,2409,13.65720286,209764,862,-58,7360046,52548,6036,29.54509804,255
10/3/2020,34572376,292461,-39755,1028312,4740,-4046,14.53256963,210419,655,-207,7409775,49729,-2819,12.56640625,256
10/4/2020,34883903,311527,19066,1033472,5160,420,10.87922965,210787,368,-287,7447804,38029,-11700,-56.49416342,257
10/5/2020,35148238,264335,-47192,1037485,4013,-1147,12.58734321,211317,530,162,7485868,38064,35,-45.21317829,258
10/6/2020,35477241,329003,64668,1044670,7185,3172,11.52693967,211959,642,112,7528733,42865,4801,18.67181467,259
10/7/2020,35676004,198763,-130240,1047894,3224,-3961,21.10920154,212929,970,328,7581917,53184,10319,58.15384615,260
10/8/2020,36155746,479742,280979,1056576,8682,5458,10.2529422,213836,907,-63,7636724,54807,1623,45.75478927,261
10/9/2020,36524939,369193,-110549,1062747,6171,-2511,13.60511265,214768,932,25,7694863,58139,3332,18.91221374,262
10/10/2020,36872928,347989,-21204,1068548,5801,-370,12.11045136,215359,591,-341,7742813,47950,-10189,-26.07224335,263
10/11/2020,37174213,301285,-46704,1072697,4149,-1652,14.96234787,215852,493,-98,7795824,53011,5061,-19.42424242,264
10/12/2020,37476993,302780,1495,1077228,4531,382,12.87809033,216227,375,-118,7840580,44756,-8255,-12.05283019,265
10/13/2020,37877013,400020,97240,1082299,5071,540,10.96817271,216878,651,276,7889860,49280,4524,-14.02631579,266
10/14/2020,38148903,271890,-128130,1087212,4913,-158,17.98016851,217862,984,333,7949463,59603,10323,55.60674157,267
10/15/2020,38531976,383073,111183,1093275,6063,1150,14.84371353,218859,997,13,8016237,66774,7171,65.2761194,268
10/16/2020,38948754,416778,33705,1099109,5834,-229,14.12216808,219618,759,-238,8084774,68537,1763,33.21189591,269
10/17/2020,39349091,400337,-16441,1105012,5903,69,11.67919766,220271,653,-106,8137713,52939,-15598,-51.24074074,270
10/18/2020,39681612,332521,-67816,1110087,5075,-828,11.69719228,220701,430,-223,8181761,44048,-8891,-90.36531365,271
10/19/2020,39981498,299886,-32635,1114020,3933,-1142,17.93972297,221272,571,141,8247321,65560,21512,46.40073529,272
10/20/2020,40433699,452201,152315,1119291,5271,1338,12.15218891,222017,745,174,8309875,62554,-3006,67.78754579,273
10/21/2020,40818087,384388,-67813,1126057,6766,1495,14.33448924,223262,1245,500,8374195,64320,1766,-4.525547445,274
10/22/2020,41270109,452022,67634,1132206,6149,-617,14.65840479,224217,955,-290,8451835,77640,13320,54.85818182,275
10/23/2020,41751952,481843,29821,1138400,6194,45,14.1323292,225112,895,-60,8531138,79303,1663,54.28623188,276
10/24/2020,42273533,521581,39738,1145764,7364,1170,13.16246004,225913,801,-94,8610197,79059,-244,5.122743682,277
10/25/2020,42673613,400080,-121501,1150488,4724,-2640,18.24791267,226359,446,-355,8699499,89302,10243,35.9676259,278
10/26/2020,43112274,438661,38581,1155066,4578,-146,14.15686405,226854,495,49,8771841,72342,-16960,-24.07526882,279
10/27/2020,43612373,500099,61438,1161265,6199,1621,12.82249292,227764,910,415,8845398,73557,1215,-56.23214286,280
10/28/2020,44041484,429111,-70988,1168118,6853,654,15.82312127,228760,996,86,8926060,80662,7105,29.60854093,281
10/29/2020,44651414,609930,180819,1176380,8262,1409,12.91516392,229742,982,-14,9016516,90456,9794,59.92553191,282
10/30/2020,45173249,521835,-88095,1182897,6517,-1745,15.88977109,230720,978,-4,9115099,98583,8127,63.32508834,283
10/31/2020,45727042,553793,31958,1190718,7821,1304,13.49714621,231673,953,-25,9201508,86409,-12174,-14.25,284
11/1/2020,46170007,442965,-110828,1196387,5669,-2152,14.77115305,232075,402,-551,9278279,76771,-9638,-76.53333333,285
11/2/2020,46651754,481747,38782,1201813,5426,-243,15.23552969,232642,567,165,9364868,86589,9818,0.629370629,286
11/3/2020,47019302,367548,-114199,1208071,6258,832,20.00400472,233646,1004,437,9456778,91910,5321,52.74912892,287
11/4/2020,47566663,547361,179813,1216128,8057,1799,16.00473869,235217,1571,567,9561074,104296,12386,61.48263889,288
11/5/2020,48269970,703307,155946,1227636,11508,3451,14.70889987,236360,1143,-428,9682363,121289,16993,101.6574394,289
11/6/2020,48863717,593747,-109560,1235721,8085,-3423,17.58985007,237545,1185,42,9809094,126731,5442,77.36206897,290
11/7/2020,49504758,641041,47294,1245008,9287,1202,16.32858704,238423,878,-307,9934194,125100,-1631,13.09621993,291
11/8/2020,49996986,492228,-148813,1252229,7221,-2066,18.15365685,239106,683,-195,10043371,109177,-15923,-60.11643836,292
11/9/2020,50585813,588827,96599,1258233,6004,-1217,18.51791887,239834,728,45,10177190,133819,24642,29.75767918,293
11/10/2020,51092797,506984,-81843,1265756,7523,1519,20.65655254,241139,1305,577,10309180,131990,-1829,77.5952381,294
11/11/2020,51642415,549618,42634,1274871,9115,1592,21.2491403,242672,1533,228,10457482,148302,16312,49.09491525,295
11/12/2020,52326440,684025,134407,1286243,11372,2257,19.11500385,243809,1137,-396,10619133,161651,13349,100.2060811,296
11/13/2020,52955426,628986,-55039,1295614,9371,-2001,21.89371597,245079,1270,133,10795442,176309,14658,94.2996633,297
11/14/2020,53514448,559022,-69964,1303735,8121,-1250,21.86297066,246258,1179,-91,10951858,156416,-19893,-17.56711409,298
11/15/2020,54087807,573359,14337,1312310,8575,454,18.89027052,246943,685,-494,11085392,133534,-22882,-143.0602007,299
11/16/2020,54604352,516545,-56814,1319165,6855,-1720,25.06205598,247838,895,210,11258144,172752,39218,54.45333333,300
11/17/2020,55215492,611140,94595,1329160,9995,3140,20.72886793,249365,1527,632,11417953,159809,-12943,87.2923588,301
11/18/2020,55831091,615599,4459,1340360,11200,1205,21.40312754,251163,1798,271,11585590,167637,7828,-16.93708609,302
11/19/2020,56477153,646062,30463,1351729,11369,169,23.02022491,253107,1944,146,11778790,193200,25563,110.2013201,303
11/20/2020,57135508,658355,12293,1362617,10888,-481,22.95030165,255011,1904,-40,11974890,196100,2900,93.62828947,304
11/21/2020,57791924,656416,-1939,1374894,12277,1389,19.82675967,256427,1416,-488,12137221,162331,-33769,-101.2098361,305
11/22/2020,58331796,539872,-116544,1382058,7164,-5113,21.16090348,257353,926,-490,12282126,144905,-17426,-167.3039216,306
11/23/2020,58840405,508609,-31263,1389535,7477,313,26.00716347,258492,1139,213,12460893,178767,33862,53.53745928,307
11/24/2020,59360435,520030,11421,1398856,9321,1844,24.63737452,260417,1925,786,12630900,170007,-8760,81.5,308
11/25/2020,59547372,186937,-333093,1411798,12942,3621,49.96091889,262722,2305,380,12817545,186645,16638,25.49514563,309
11/26/2020,60538130,990758,803821,1422796,10998,-1944,11.19447066,263961,1239,-1066,12942436,124891,-61754,-145.5354839,310
11/27/2020,61201149,663019,-327739,1433859,11063,65,22.51672037,265519,1558,319,13135110,192674,67783,19.38585209,311
11/28/2020,61835637,634488,-28531,1444816,10957,-106,19.4684436,266665,1146,-412,13288497,153387,-39287,91.33333333,312
11/29/2020,62413676,578039,-56449,1453924,9108,-1849,19.36458559,267469,804,-342,13427313,138816,-14571,-172.0702875,313
11/30/2020,62913594,499918,-78121,1460974,7050,-2058,24.68743927,268785,1316,512,13591186,163873,25057,33.39490446,314
12/1/2020,63442441,528847,28929,1470849,9875,2825,25.51020552,271165,2380,1064,13772298,181112,17239,134.2730159,315
12/2/2020,64069110,626669,97822,1483039,12190,2315,24.64406478,273942,2777,397,13977241,204943,23831,129.9683544,316
12/3/2020,64757199,688089,61420,1495671,12632,442,24.17610027,276744,2802,25,14196635,219394,14451,120.7634069,317
12/4/2020,65465550,708351,20262,1508839,13168,536,23.24709773,279177,2433,-369,14411182,214547,-4847,30.20125786,318
12/5/2020,66135002,669452,-38899,1521483,12644,-524,23.57356586,281436,2259,-174,14617673,206491,-8056,-40.44827586,319
12/6/2020,66733653,598651,-70801,1530100,8617,-4027,23.56267684,282684,1248,-1011,14802214,184541,-21950,-93.76875,320
12/7/2020,67278532,544879,-53772,1537963,7863,-754,25.55860522,284472,1788,540,14989292,187078,2537,-60.47663551,321
12/8/2020,67825807,547275,2396,1547305,9342,1479,28.87784833,286742,2270,482,15211503,222211,35133,116.9875776,322
12/9/2020,68466824,641017,93742,1560156,12851,3509,25.80916215,289844,3102,832,15434497,222994,783,111.1950464,323
12/10/2020,69144100,677276,36259,1572678,12522,-329,25.34468543,292954,3110,8,15664425,229928,6934,23.81790123,324
12/11/2020,69843297,699197,21921,1585281,12603,81,24.42919043,295844,2890,-220,15890449,226024,-3904,9.323076923,325
12/12/2020,71322262,1478965,779768,1597578,12297,-306,12.46339978,297941,2097,-793,16101023,210574,-15450,-59.36809816,326
12/13/2020,71920168,597906,-881059,1606664,9086,-3211,25.60452714,299557,1616,-481,16306803,205780,-4794,-61.90825688,327
12/14/2020,72538009,617841,19935,1614112,7448,-1638,29.71819755,301199,1642,26,16568053,261250,55470,154.5,328
12/15/2020,73045219,507210,-110631,1624656,10544,3096,25.83326266,304155,2956,1314,16744721,176668,-84582,-88.48632219,329
12/16/2020,73718443,673224,166014,1639526,14870,4326,25.63608046,307448,3293,337,16976807,232086,55418,-88.37575758,330
12/17/2020,74456831,738388,65164,1652397,12871,-1999,26.3276994,311045,3597,304,17240679,263872,31786,263.4561934,331
12/18/2020,75214717,757886,19498,1665600,13203,332,24.67427657,313918,2873,-724,17488938,248259,-15613,48.71385542,332
12/19/2020,75868651,653934,-103952,1677527,11927,-1276,23.193635,316574,2656,-217,17686410,197472,-50787,-199.3993994,333
12/20/2020,76490163,621512,-32422,1687442,9915,-2012,24.51332378,318377,1803,-853,17888238,201828,4356,-139.0149701,334
12/21/2020,77023484,533321,-88191,1695516,8074,-1841,25.60308234,320089,1712,-91,18071776,183538,-18290,-41.59402985,335
12/22/2020,77580815,557331,24010,1706785,11269,3195,26.84476017,323439,3350,1638,18276292,204516,20978,8,336
12/23/2020,78269378,688563,131232,1721148,14363,3094,24.45237095,326574,3135,-215,18499158,222866,18350,116.7002967,337
12/24/2020,78938802,669424,-19139,1734215,13067,-1296,24.16212003,329374,2800,-335,18712438,213280,-9586,25.92899408,338
12/25/2020,79494964,556162,-113262,1743684,9469,-3598,14.97150999,330614,1240,-1560,18810365,97927,-115353,-368.5516224,339
12/26/2020,80030952,535988,-20174,1752363,8679,-790,24.0755352,332346,1732,492,18980326,169961,72034,-127.4088235,340
12/27/2020,80480372,449420,-86568,1759260,6897,-1782,26.78345386,333831,1485,-247,19144729,164403,-5558,194.9442815,341
12/28/2020,80983383,503011,53591,1766906,7646,749,30.54281741,335480,1649,164,19365921,221192,56789,149.7982456,342
12/29/2020,81500629,517246,14235,1778033,11127,3481,27.08148892,338804,3324,1675,19558023,192102,-29090,80.75510204,343
12/30/2020,82197292,696663,179417,1793480,15447,4320,25.10046983,342458,3654,330,19791490,233467,41365,35.68313953,344
12/31/2020,82951908,754616,57953,1808272,14792,-655,23.17608145,345909,3451,-203,20019141,227651,-5816,103.0405797,345
1/1/2021,83588467,636559,-118057,1820074,11802,-2990,18.86585876,348023,2114,-1337,20167158,148017,-79634,-246.9653179,346
1/2/2021,84220095,631628,-4931,1829798,9724,-2078,28.61766714,350378,2355,241,20420382,253224,105207,73.69740634,347
1/3/2021,84761461,541366,-90262,1837156,7358,-2366,28.50734186,351900,1522,-833,20636249,215867,-37357,194.9712644,348
1/4/2021,85313215,551754,10388,1844991,7835,477,29.17232022,353783,1883,361,20863504,227255,11388,-74.40974212,349
1/5/2021,85951564,638349,86595,1856603,11612,3777,29.65331876,357109,3326,1443,21132588,269084,41829,152.0485714,350
1/6/2021,86724909,773345,134996,1872175,15572,3960,25.79580401,361029,3920,594,21401428,268840,-244,118.4757835,351
1/7/2021,87532067,807158,33813,1887765,15590,18,24.98817424,365139,4110,190,21670311,268883,43,-0.571022727,352
1/8/2021,88379154,847087,39929,1902135,14370,-1220,24.1306145,368682,3543,-567,21939731,269420,537,1.64305949,353
1/9/2021,89161978,782824,-64263,1916540,14405,35,25.19226947,372285,3603,60,22203355,263624,-5796,-14.8559322,354
1/10/2021,89882802,720824,-62000,1928109,11569,-2836,23.4715252,374390,2105,-1498,22424434,221079,-42545,-136.171831,355
1/11/2021,90501495,618693,-102131,1936726,8617,-2952,28.36000806,376666,2276,171,22669355,244921,23842,-52.53651685,356
1/12/2021,91132181,630686,11993,1949004,12278,3661,26.3478858,380718,4052,1776,22894973,225618,-19303,12.71428571,357
1/13/2021,91844819,712638,81952,1965836,16832,4554,24.73162117,384694,3976,-76,23129131,234158,8540,-30.06424581,358
1/14/2021,92585775,740956,28318,1982199,16363,-469,23.01275924,388651,3957,-19,23350615,221484,-12674,-11.51532033,359
1/15/2021,93347553,761778,20822,1997093,14894,-1469,25.31258732,392349,3698,-259,23608792,258177,36693,66.71944444,360
1/16/2021,94079656,732103,-29675,2011908,14815,-79,20.8262543,395746,3397,-301,23801368,192576,-65601,-80.07756233,361
1/17/2021,94696655,616999,-115104,2024026,12118,-2697,24.54070039,398187,2441,-956,24002027,200659,8083,-158.8895028,362
1/18/2021,95220452,523797,-93202,2032668,8642,-3476,22.44272752,399883,1696,-745,24153598,151571,-49088,-112.9614325,363
1/19/2021,95765235,544783,20986,2042814,10146,1504,24.16274337,402168,2285,589,24327173,173575,22004,-74.40659341,364
1/20/2021,96375088,609853,65070,2061281,18467,8321,22.68480251,406299,4131,1846,24506108,178935,5360,74.96986301,365
1/21/2021,97086164,711076,101223,2078552,17271,-1196,21.94409775,410403,4104,-27,24706015,199907,20972,71.94535519,366
1/22/2021,97711576,625412,-85664,2093110,14558,-2713,22.83103727,414233,3830,-274,24891048,185033,-14874,16.61580381,367
1/23/2021,98370448,658872,33460,2110525,17415,2857,20.33092667,417734,3501,-329,25059187,168139,-16894,-86.32608696,368
1/24/2021,98913850,543402,-115470,2122586,12061,-5354,21.22108321,419907,2173,-1328,25205566,146379,-21760,-104.7533875,369
1/25/2021,99377131,463281,-80121,2131779,9193,-2868,24.27784779,422085,2178,5,25354102,148536,2157,-52.98108108,370
1/26/2021,99895320,518189,54908,2144244,12465,3272,23.69159677,425803,3718,1540,25514985,160883,12347,39.09433962,371
1/27/2021,100048759,153439,-364750,2148090,3846,-8619,50,429649,3846,128,25668424,153439,-7444,13.18010753,372
1/28/2021,101045030,996271,842832,2177953,29863,26017,13.37436787,433554,3905,59,25822241,153817,378,-18.94369973,373
1/29/2021,101643571,598541,-397730,2194693,16740,-13123,22.74418136,437231,3677,-228,25998452,176211,22394,60.88770053,374
1/30/2021,102228835,585264,-13277,2209097,14404,-2336,19.32155913,439994,2763,-914,26138616,140164,-36047,-36.408,375
1/31/2021,102720881,492046,-93218,2222174,13077,-1327,19.56878514,442286,2292,-471,26258330,119714,-20450,-150.2579787,376
2/1/2021,103113530,392649,-99397,2230793,8619,-4458,23.79860968,444785,2499,207,26380959,122629,2915,-46.51193634,377
2/2/2021,103559963,446433,53784,2242174,11381,2762,23.08621322,447981,3196,697,26514959,134000,11371,37.79365079,378
2/3/2021,104024534,464571,18138,2257326,15152,3771,20.8327227,451724,3743,547,26637210,122251,-11749,-0.997361478,379
2/4/2021,104546768,522234,57663,2274174,16848,1696,18.91267454,456758,5034,1291,26759015,121805,-446,-32.09210526,380
2/5/2021,105020030,473262,-48972,2286640,12466,-4382,21.60993297,460427,3669,-1365,26889480,130465,8660,21.55905512,381
2/6/2021,105533154,513124,39862,2302325,15685,3219,17.97719582,463232,2805,-864,27001943,112463,-18002,-24.45549738,382
2/7/2021,105893960,360806,-152318,2311599,9274,-6411,20.4840519,465012,1780,-1025,27094890,92947,-19516,-97.95822454,383
2/8/2021,106300165,406205,45399,2319872,8273,-1001,19.44420757,466740,1728,-52,27192938,98048,5101,-37.5390625,384
2/9/2021,106618580,318415,-87790,2329275,9403,1130,22.54805856,469430,2690,962,27285636,92698,-5350,-0.646753247,385
2/10/2021,107046304,427724,109309,2345109,15834,6431,18.32745854,472828,3398,708,27381618,95982,3284,-5.352331606,386
2/11/2021,107488027,441723,13999,2358800,13691,-2143,18.73205051,476430,3602,204,27483434,101816,5834,23.56072351,387
2/12/2021,107928175,440148,-1575,2374951,16151,2460,18.42433992,482101,5671,2069,27582844,99410,-2406,8.835051546,388
2/13/2021,108011083,82908,-357240,2378108,3157,-12994,50,485258,3157,-2514,27665752,82908,-16502,-48.6066838,389
2/14/2021,108654234,643151,560243,2395600,17492,14335,10.5843049,486739,1481,-1676,27741883,76131,-6777,-59.68974359,390
2/15/2021,108924388,270154,-372997,2402108,6508,-10984,18.00271347,488299,1560,79,27801196,59313,-16818,-60.34526854,391
2/16/2021,109280159,355771,85617,2410734,8626,2118,15.64210177,489852,1553,-7,27867165,65969,6656,-25.92346939,392
2/17/2021,109347076,66917,-288854,2413020,2286,-6340,50,492138,2286,733,27934082,66917,948,19.34860051,393
2/18/2021,110031720,684644,617727,2433747,20727,18441,9.471794065,494801,2663,377,28005715,71633,4716,14.37563452,394
2/19/2021,110438572,406852,-277792,2445074,11327,-9400,15.22327103,497284,2483,-180,28078773,73058,1425,15.54683544,395
2/20/2021,110819499,380927,-25925,2454872,9798,-1529,15.91535181,499237,1953,-530,28150874,72101,-957,1.181818182,396
2/21/2021,111253304,433805,52878,2464502,9630,-168,11.91758765,500775,1538,-415,28209568,58694,-13407,-36.1813602,397
2/22/2021,111448019,194715,-239090,2468911,4409,-5221,22.6375888,502267,1492,-46,28266545,56977,-1717,-38,398
2/23/2021,111523156,75137,-119578,2471043,2132,-2277,50,504399,2132,640,28341682,75137,18160,41.21052632,399
2/24/2021,112211524,688368,613231,2488768,17725,15593,9.498497926,506716,2317,185,28413929,72247,-2890,38.175,400
2/25/2021,112663401,451877,-236491,2500948,12180,-5545,15.33730032,510074,3358,1041,28495790,81861,9614,16.7680798,401
2/26/2021,112797136,133735,-318142,2504008,3060,-9120,36.12534687,512130,2056,-1302,28571426,75636,-6225,8.430348259,402
2/27/2021,113519728,722592,588857,2520291,16283,13223,8.813374523,514053,1923,-133,28641266,69840,-5796,-29.82878412,403
2/28/2021,113878652,358924,-363668,2527846,7555,-8728,13.89054827,515166,1113,-810,28699165,57899,-11941,-43.90346535,404
3/1/2021,114157816,279164,-79760,2533576,5730,-1825,14.44901061,516678,1512,399,28746314,47149,-10750,-56.02716049,405
3/2/2021,114224489,66673,-212491,2535181,1605,-4125,50,518283,1605,93,28812987,66673,19524,21.61083744,406
3/3/2021,114858255,633766,567093,2552572,17391,15786,9.21077324,520668,2385,780,28877284,64297,-2376,42.13267813,407
3/4/2021,115278293,420038,-213728,2563013,10441,-6950,13.19107602,522626,1958,-427,28941111,63827,-470,-6.975490196,408
3/5/2021,115749741,471448,51410,2573175,10162,-279,12.76476455,524861,2235,277,29010096,68985,5158,11.46210269,409
3/6/2021,116191060,441319,-30129,2582860,9685,-477,12.13773057,526314,1453,-782,29071062,60966,-8019,-6.97804878,410
3/7/2021,116616548,425488,-15831,2590178,7318,-2367,9.946961391,527307,993,-460,29118060,46998,-13968,-53.49635036,411
3/8/2021,116965169,348621,-76867,2595544,5366,-1952,12.09935251,528097,790,-203,29166047,47987,989,-31.50242718,412
3/9/2021,117326317,361148,12527,2603470,7926,2560,22.98039684,529905,1808,1018,29273803,107756,59769,147.1138015,413
3/10/2021,117740650,414333,53185,2613183,9713,1787,12.06574912,531445,1540,-268,29330655,56852,-50904,21.41304348,414
3/11/2021,118206697,466047,51714,2622643,9460,-253,9.815217244,532787,1342,-198,29381377,50722,-6130,-137.4313253,415
